Date,Open,High,Low,Close,Adj Close,Volume,Peak,DD,MDD,MDD(6°³¿ùÆò±Õ)
2022-01-04,2991.969971,2995.25,2973.080078,2989.23999,2989.23999,621200,2989.23999,0.0,0.0,0.0
2022-01-05,2984.050049,2986.199951,2936.72998,2953.969971,2953.969971,786900,2989.23999,-0.011798992090962912,-0.011798992090962912,-0.005899496045481456
2022-01-06,2925.399902,2952.540039,2915.379883,2920.530029,2920.530029,785500,2989.23999,-0.022985762678760402,-0.022985762678760402,-0.011594918256574438
2022-01-07,2933.780029,2959.030029,2933.100098,2954.889893,2954.889893,545800,2989.23999,-0.011491247646529756,-0.022985762678760402,-0.014442629362120929
2022-01-10,2947.370117,2951.120117,2910.899902,2926.719971,2926.719971,477000,2989.23999,-0.02091502161390535,-0.022985762678760402,-0.016151256025448823
2022-01-11,2930.929932,2943.570068,2909.820068,2927.379883,2927.379883,565800,2989.23999,-0.02069425914511469,-0.022985762678760402,-0.01729034046766742
2022-01-12,2950.780029,2972.580078,2950.310059,2972.47998,2972.47998,519000,2989.23999,-0.00560677966843337,-0.022985762678760402,-0.018103972212109274
2022-01-13,2979.909912,2982.139893,2958.389893,2962.090088,2962.090088,604600,2989.23999,-0.009082543419339228,-0.022985762678760402,-0.018714196020440665
2022-01-14,2937.610107,2944.969971,2914.72998,2921.919922,2921.919922,532300,2989.23999,-0.02252079733484358,-0.022985762678760402,-0.019188814538031746
2022-01-17,2918.550049,2919.669922,2875.97998,2890.100098,2890.100098,592900,2989.23999,-0.03316558467425035,-0.03316558467425035,-0.020586491551653607
2022-01-18,2898.97998,2902.790039,2857.26001,2864.23999,2864.23999,553700,2989.23999,-0.04181664918780914,-0.04181664918780914,-0.0225165058822132
2022-01-19,2840.340088,2871.790039,2832.179932,2842.280029,2842.280029,463400,2989.23999,-0.0491629850703289,-0.0491629850703289,-0.024737045814556175
2022-01-20,2842.280029,2862.699951,2830.969971,2862.679932,2862.679932,395400,2989.23999,-0.04233854037259821,-0.0491629850703289,-0.026615964218846384
2022-01-21,2837.48999,2847.949951,2817.110107,2834.290039,2834.290039,532500,2989.23999,-0.051835901941081675,-0.051835901941081675,-0.028417388341863192
2022-01-24,2823.76001,2828.110107,2780.679932,2792.0,2792.0,473600,2989.23999,-0.06598332374109583,-0.06598332374109583,-0.03092178403514537
2022-01-25,2786.409912,2789.620117,2703.98999,2720.389893,2720.389893,639400,2989.23999,-0.08993928152285957,-0.08993928152285957,-0.034610377628127506
2022-01-26,2729.75,2744.139893,2708.100098,2709.23999,2709.23999,471800,2989.23999,-0.09366929418069236,-0.09366929418069236,-0.038084431542984264
2022-01-27,2709.23999,2722.860107,2614.48999,2614.48999,2614.48999,487100,2989.23999,-0.12536631426505174,-0.12536631426505174,-0.04293342502754357
2022-01-28,2617.870117,2668.590088,2591.530029,2663.340088,2663.340088,433700,2989.23999,-0.10902433497820296,-0.12536631426505174,-0.04727199814530716
2022-02-03,2706.340088,2735.340088,2702.780029,2707.820068,2707.820068,435300,2989.23999,-0.09414430522187678,-0.12536631426505174,-0.05117671395129438
2022-02-04,2714.830078,2751.800049,2712.870117,2750.26001,2750.26001,535900,2989.23999,-0.07994673589255707,-0.12536631426505174,-0.0547095520614733
2022-02-07,2750.699951,2750.699951,2718.939941,2745.060059,2745.060059,417600,2989.23999,-0.08168629210664347,-0.12536631426505174,-0.05792122307072687
2022-02-08,2767.76001,2779.850098,2726.719971,2746.469971,2746.469971,559600,2989.23999,-0.08121462974272597,-0.12536631426505174,-0.060853618340045344
2022-02-09,2772.629883,2773.379883,2753.51001,2768.850098,2768.850098,538700,2989.23999,-0.0737277343864251,-0.12536631426505174,-0.06354164733692061
2022-02-10,2787.439941,2788.27002,2761.76001,2771.929932,2771.929932,509300,2989.23999,-0.07269742768294762,-0.12536631426505174,-0.06601463401404585
2022-02-11,2739.139893,2766.699951,2735.080078,2747.709961,2747.709961,480300,2989.23999,-0.08079981192811492,-0.12536631426505174,-0.06829739094677685
2022-02-14,2715.100098,2724.719971,2688.23999,2704.47998,2704.47998,616000,2989.23999,-0.09526167552709608,-0.12536631426505174,-0.07041105477337962
2022-02-15,2712.449951,2716.449951,2665.469971,2676.540039,2676.540039,588700,2989.23999,-0.10460851321609677,-0.12536631426505174,-0.07237374261236791
2022-02-16,2719.610107,2730.429932,2711.340088,2729.679932,2729.679932,422100,2989.23999,-0.08683145510842705,-0.12536631426505174,-0.07420107266935701
2022-02-17,2735.110107,2770.659912,2711.98999,2744.090088,2744.090088,611000,2989.23999,-0.08201077960287828,-0.12536631426505174,-0.07590658072254683
2022-02-18,2714.52002,2747.080078,2711.879883,2744.52002,2744.52002,512900,2989.23999,-0.08186695307792935,-0.12536631426505174,-0.07750205599811151
2022-02-21,2706.649902,2746.620117,2694.899902,2743.800049,2743.800049,495000,2989.23999,-0.08210780727578859,-0.12536631426505174,-0.0789978140689534
2022-02-22,2705.080078,2721.840088,2690.090088,2706.790039,2706.790039,648100,2989.23999,-0.094488884112647,-0.12536631426505174,-0.08040292013550182
2022-02-23,2727.429932,2729.560059,2705.310059,2719.530029,2719.530029,537700,2989.23999,-0.09022693457275743,-0.12536631426505174,-0.081725372904018
2022-02-24,2689.280029,2694.550049,2642.629883,2648.800049,2648.800049,925900,2989.23999,-0.11388846065852343,-0.12536631426505174,-0.08297225694290468
2022-02-25,2678.469971,2694.810059,2665.959961,2676.76001,2676.76001,664100,2989.23999,-0.1045349256149889,-0.12536631426505174,-0.08414986964629764
2022-02-28,2663.0,2699.179932,2658.25,2699.179932,2699.179932,613300,2989.23999,-0.0970347175102525,-0.12536631426505174,-0.08526382760896668
2022-03-02,2698.310059,2716.459961,2692.23999,2703.52002,2703.52002,527800,2989.23999,-0.09558281401153079,-0.12536631426505174,-0.08631915620517945
2022-03-03,2729.860107,2748.209961,2726.350098,2747.080078,2747.080078,614300,2989.23999,-0.08101052869963787,-0.12536631426505174,-0.08732036538620182
2022-03-04,2736.580078,2736.580078,2702.340088,2713.429932,2713.429932,765300,2989.23999,-0.09226761950284224,-0.12536631426505174,-0.08827151410817306
2022-03-07,2680.169922,2680.169922,2644.100098,2651.310059,2651.310059,571300,2989.23999,-0.11304877899750032,-0.12536631426505174,-0.08917626533151156
2022-03-08,2617.330078,2647.179932,2605.810059,2622.399902,2622.399902,540100,2989.23999,-0.1227201861433681,-0.12536631426505174,-0.09003793316326252
2022-03-10,2660.860107,2682.790039,2660.860107,2680.320068,2680.320068,613500,2989.23999,-0.10334396804319479,-0.12536631426505174,-0.09085952342144367
2022-03-11,2665.949951,2672.620117,2647.280029,2661.280029,2661.280029,796500,2989.23999,-0.10971349309427647,-0.12536631426505174,-0.0916437686678893
2022-03-14,2654.929932,2661.76001,2633.310059,2645.649902,2645.649902,635900,2989.23999,-0.11494228939443563,-0.12536631426505174,-0.09239315857004847
2022-03-15,2630.310059,2641.969971,2615.080078,2621.530029,2621.530029,603700,2989.23999,-0.12301118753599971,-0.12536631426505174,-0.09310996630254854
2022-03-16,2649.850098,2659.899902,2630.030029,2659.22998,2659.22998,736000,2989.23999,-0.11039930253308294,-0.12536631426505174,-0.09379627157834648
2022-03-17,2703.27002,2714.0,2694.51001,2694.51001,2694.51001,545500,2989.23999,-0.09859696143031993,-0.12536631426505174,-0.09445398080098617
2022-03-18,2695.639893,2708.159912,2688.709961,2707.02002,2707.02002,643500,2989.23999,-0.09441194783427209,-0.12536631426505174,-0.09508484474923241
2022-03-21,2717.810059,2717.810059,2683.689941,2686.050049,2686.050049,502000,2989.23999,-0.10142709920055637,-0.12536631426505174,-0.0956904741395488
2022-03-22,2686.679932,2712.139893,2686.580078,2710.0,2710.0,489100,2989.23999,-0.09341504560829861,-0.12536631426505174,-0.0962723533576959
2022-03-23,2727.120117,2742.27002,2720.830078,2735.050049,2735.050049,883000,2989.23999,-0.08503497271893523,-0.12536631426505174,-0.09683185260591429
2022-03-24,2716.25,2729.659912,2705.139893,2729.659912,2729.659912,959600,2989.23999,-0.086838152462961,-0.12536631426505174,-0.09737023867495462
2022-03-25,2740.830078,2740.949951,2722.360107,2729.97998,2729.97998,599800,2989.23999,-0.08673107909278299,-0.12536631426505174,-0.09788868451921567
2022-03-28,2721.219971,2737.459961,2707.73999,2729.560059,2729.560059,768000,2989.23999,-0.08687155660593182,-0.12536631426505174,-0.09838827778732179
2022-03-29,2745.620117,2754.179932,2733.219971,2741.070068,2741.070068,726700,2989.23999,-0.08302107653791957,-0.12536631426505174,-0.09887002843870983
2022-03-30,2758.310059,2760.600098,2740.02002,2746.73999,2746.73999,837800,2989.23999,-0.08112429942434962,-0.12536631426505174,-0.09933487555847022
2022-03-31,2743.23999,2765.199951,2743.199951,2757.649902,2757.649902,1029500,2989.23999,-0.07747457172215866,-0.12536631426505174,-0.09978369346720437
2022-04-01,2745.850098,2745.850098,2729.679932,2739.850098,2739.850098,1305000,2989.23999,-0.08342919699799689,-0.12536631426505174,-0.10021729720954077
2022-04-04,2729.860107,2758.379883,2722.449951,2757.899902,2757.899902,1022500,2989.23999,-0.07739093842378308,-0.12536631426505174,-0.10063644749379928
2022-04-05,2765.5,2769.179932,2750.5,2759.199951,2759.199951,1605600,2989.23999,-0.07695602888010344,-0.12536631426505174,-0.10104185514578704
2022-04-06,2739.070068,2747.850098,2730.659912,2735.030029,2735.030029,1321300,2989.23999,-0.08504167007346908,-0.12536631426505174,-0.10143418513158162
2022-04-07,2714.699951,2718.5,2693.360107,2695.860107,2695.860107,998200,2989.23999,-0.09814530916937192,-0.12536631426505174,-0.10181406019719226
2022-04-08,2706.639893,2712.0,2685.52002,2700.389893,2700.389893,948000,2989.23999,-0.09662994539290903,-0.12536631426505174,-0.10218206416700257
2022-04-11,2687.540039,2711.02002,2683.959961,2693.100098,2693.100098,742100,2989.23999,-0.09906862379423742,-0.12536631426505174,-0.10253874493774179
2022-04-12,2674.169922,2685.080078,2658.399902,2666.76001,2666.76001,870000,2989.23999,-0.10788025755001363,-0.12536631426505174,-0.10288461720027679
2022-04-13,2677.530029,2717.629883,2672.600098,2716.48999,2716.48999,732000,2989.23999,-0.0912439285277995,-0.12536631426505174,-0.10322016491766148
2022-04-14,2719.340088,2720.300049,2702.610107,2716.709961,2716.709961,664800,2989.23999,-0.09117034092669152,-0.12536631426505174,-0.10354584358453486
2022-04-15,2695.52002,2705.409912,2685.01001,2696.060059,2696.060059,693700,2989.23999,-0.09807841858826472,-0.12536631426505174,-0.1038620822900496
2022-04-18,2685.040039,2701.110107,2681.370117,2693.209961,2693.209961,1024600,2989.23999,-0.09903187097399968,-0.12536631426505174,-0.1041692856039782
2022-04-19,2707.76001,2723.97998,2705.320068,2718.889893,2718.889893,1256100,2989.23999,-0.09044108131311335,-0.12536631426505174,-0.10446783530342994
2022-04-20,2718.48999,2724.459961,2702.840088,2718.689941,2718.689941,1735700,2989.23999,-0.09050797189422044,-0.12536631426505174,-0.1047580919556747
2022-04-21,2725.709961,2737.540039,2725.040039,2728.209961,2728.209961,1002600,2989.23999,-0.08732320920141312,-0.12536631426505174,-0.10504039637087165
2022-04-22,2704.719971,2708.580078,2690.47998,2704.709961,2704.709961,1239400,2989.23999,-0.09518473924872117,-0.12536631426505174,-0.1053150709370092
2022-04-25,2676.669922,2680.350098,2657.040039,2657.129883,2657.129883,1017600,2989.23999,-0.1111018546891579,-0.12536631426505174,-0.10558242084804977
2022-04-26,2674.0,2678.050049,2663.830078,2668.310059,2668.310059,889600,2989.23999,-0.1073617147079583,-0.12536631426505174,-0.10584273523511559
2022-04-27,2630.580078,2641.820068,2615.5,2639.060059,2639.060059,1071800,2989.23999,-0.11714681061790566,-0.12536631426505174,-0.10609628820953036
2022-04-28,2656.540039,2667.48999,2638.370117,2667.48999,2667.48999,898900,2989.23999,-0.10763605500942064,-0.12536631426505174,-0.10634333982562677
2022-04-29,2669.179932,2696.100098,2664.060059,2695.050049,2695.050049,975000,2989.23999,-0.09841630045903405,-0.12536631426505174,-0.10658413697042961
2022-05-02,2669.209961,2689.909912,2667.850098,2687.449951,2687.449951,873400,2989.23999,-0.1009587855139058,-0.12536631426505174,-0.10681891418661241
2022-05-03,2690.159912,2702.100098,2680.459961,2680.459961,2680.459961,883100,2989.23999,-0.10329716919115617,-0.12536631426505174,-0.10704789443449436
2022-05-04,2690.449951,2696.030029,2667.22998,2677.570068,2677.570068,1180500,2989.23999,-0.10426393432532666,-0.12536631426505174,-0.10727128979828165
2022-05-06,2650.889893,2652.51001,2635.969971,2644.51001,2644.51001,1333600,2989.23999,-0.11532362110544359,-0.12536631426505174,-0.10748930214125478
2022-05-10,2590.129883,2602.75,2553.01001,2596.560059,2596.560059,840900,2989.23999,-0.13136447134176077,-0.13136447134176077,-0.10777353034602272
2022-05-11,2586.52002,2599.110107,2579.090088,2592.27002,2592.27002,679300,2989.23999,-0.13279963178868093,-0.13279963178868093,-0.10806795506887752
2022-05-12,2569.5,2591.570068,2546.800049,2550.080078,2550.080078,899900,2989.23999,-0.14691356781962495,-0.14691356781962495,-0.10851964824039784
2022-05-13,2570.01001,2605.840088,2565.959961,2604.23999,2604.23999,788300,2989.23999,-0.12879527949845204,-0.14691356781962495,-0.10896095766084872
2022-05-16,2624.689941,2629.199951,2593.610107,2596.580078,2596.580078,780000,2989.23999,-0.13135777432176,-0.14691356781962495,-0.10939223732174391
2022-05-17,2603.580078,2621.840088,2603.580078,2620.439941,2620.439941,873000,2989.23999,-0.1233758581558384,-0.14691356781962495,-0.10981382530486615
2022-05-18,2634.75,2644.129883,2618.0,2625.97998,2625.97998,869300,2989.23999,-0.12152253121704026,-0.14691356781962495,-0.11022604466614126
2022-05-19,2576.23999,2597.790039,2568.540039,2592.340088,2592.340088,676900,2989.23999,-0.1327761917168786,-0.14691356781962495,-0.11062920426123449
2022-05-20,2605.780029,2641.679932,2605.379883,2639.290039,2639.290039,752400,2989.23999,-0.11706987467406393,-0.14691356781962495,-0.11102359951730394
2022-05-23,2651.629883,2653.870117,2634.290039,2647.379883,2647.379883,641900,2989.23999,-0.11436355332580705,-0.14691356781962495,-0.11140951315496332
2022-05-24,2638.939941,2646.98999,2605.870117,2605.870117,2605.870117,850700,2989.23999,-0.12824994790732747,-0.14691356781962495,-0.11178721586416185
2022-05-25,2621.75,2630.169922,2602.939941,2617.219971,2617.219971,710200,2989.23999,-0.12445304500292065,-0.14691356781962495,-0.11215696693737724
2022-05-26,2616.98999,2641.909912,2602.01001,2612.449951,2612.449951,595300,2989.23999,-0.1260487750265913,-0.14691356781962495,-0.112519014863234
2022-05-27,2640.75,2644.709961,2631.48999,2638.050049,2638.050049,590500,2989.23999,-0.1174846924886751,-0.14691356781962495,-0.11287359788340298
2022-05-30,2662.310059,2672.73999,2654.179932,2669.659912,2669.659912,469300,2989.23999,-0.10691014407310939,-0.14691356781962495,-0.11322094451540524
2022-05-31,2666.879883,2685.899902,2654.320068,2685.899902,2685.899902,670700,2989.23999,-0.10147732835596113,-0.14691356781962495,-0.11356127404373069
2022-06-02,2670.73999,2674.0,2653.590088,2658.98999,2658.98999,524900,2989.23999,-0.1104795871541917,-0.14691356781962495,-0.11389479698148962
2022-06-03,2679.570068,2681.51001,2663.0,2670.649902,2670.649902,562200,2989.23999,-0.1065789595568738,-0.14691356781962495,-0.11422171550463948
2022-06-07,2659.27002,2662.040039,2622.780029,2626.340088,2626.340088,524300,2989.23999,-0.12140206313779445,-0.14691356781962495,-0.11454222386066876
2022-06-08,2633.530029,2639.52002,2621.959961,2626.149902,2626.149902,576000,2989.23999,-0.12146568666773383,-0.14691356781962495,-0.11485650875347415
2022-06-09,2618.919922,2627.879883,2606.610107,2625.439941,2625.439941,814500,2989.23999,-0.12170319218832604,-0.14691356781962495,-0.1151647497060333
2022-06-10,2596.370117,2602.800049,2583.73999,2595.870117,2595.870117,723800,2989.23999,-0.1315952798423522,-0.14691356781962495,-0.11546711940235321
2022-06-13,2550.209961,2550.320068,2504.51001,2504.51001,2504.51001,659800,2989.23999,-0.16215826819578982,-0.16215826819578982,-0.11590760193814036
2022-06-14,2472.959961,2503.169922,2457.389893,2492.969971,2492.969971,671200,2989.23999,-0.16601879429560285,-0.16601879429560285,-0.11637593083867738
2022-06-15,2490.01001,2495.540039,2436.040039,2447.379883,2447.379883,713800,2989.23999,-0.18127019202630168,-0.18127019202630168,-0.11697680362745169
2022-06-16,2481.659912,2500.360107,2447.330078,2451.409912,2451.409912,583800,2989.23999,-0.17992201355502402,-0.18127019202630168,-0.11756665122744114
2022-06-17,2409.719971,2441.340088,2396.469971,2440.929932,2440.929932,634200,2989.23999,-0.18342791473226616,-0.18342791473226616,-0.1181653899865759
2022-06-20,2449.889893,2449.889893,2372.350098,2391.030029,2391.030029,592100,2989.23999,-0.2001210886383198,-0.2001210886383198,-0.1189037296140691
2022-06-21,2402.98999,2423.47998,2385.600098,2408.929932,2408.929932,479400,2989.23999,-0.19413297692434528,-0.2001210886383198,-0.11962888460535705
2022-06-22,2417.110107,2418.050049,2342.810059,2342.810059,2342.810059,531800,2989.23999,-0.2162522691930132,-0.2162522691930132,-0.12048395880524781
2022-06-23,2347.840088,2361.22998,2306.47998,2314.320068,2314.320068,749200,2989.23999,-0.2257831168650999,-0.2257831168650999,-0.12140763563033423
2022-06-24,2327.110107,2373.47998,2319.98999,2366.600098,2366.600098,654100,2989.23999,-0.20829371147279485,-0.2257831168650999,-0.12231524851063655
2022-06-27,2383.199951,2418.939941,2365.860107,2401.919922,2401.919922,509700,2989.23999,-0.1964780579561295,-0.2257831168650999,-0.12320721289300261
2022-06-28,2405.199951,2422.100098,2393.959961,2422.090088,2422.090088,564700,2989.23999,-0.1897304679106745,-0.2257831168650999,-0.12408393002096925
2022-06-29,2387.100098,2393.25,2375.449951,2377.98999,2377.98999,422100,2989.23999,-0.20448341452838648,-0.2257831168650999,-0.12494578753659748
2022-06-30,2368.570068,2368.570068,2332.590088,2332.639893,2332.639893,515000,2989.23999,-0.21965452730344348,-0.2257831168650999,-0.12579316005196306
2022-07-01,2342.919922,2354.969971,2291.48999,2305.419922,2305.419922,530100,2989.23999,-0.2287605111291181,-0.2287605111291181,-0.12665122131093934
2022-07-04,2310.72998,2318.310059,2276.629883,2300.340088,2300.340088,467700,2989.23999,-0.23045988421960062,-0.23045988421960062,-0.1275091441448952
2022-07-05,2322.110107,2344.080078,2309.620117,2341.780029,2341.780029,323600,2989.23999,-0.2165968484183165,-0.23045988421960062,-0.12835300267009772
2022-07-06,2330.110107,2332.139893,2290.330078,2292.01001,2292.01001,410600,2989.23999,-0.23324657181506525,-0.23324657181506525,-0.12920579591517875
2022-07-07,2308.969971,2344.139893,2307.899902,2334.27002,2334.27002,340000,2989.23999,-0.2191091957123189,-0.23324657181506525,-0.1300448344305004
2022-07-08,2352.48999,2367.840088,2348.73999,2350.610107,2350.610107,411200,2989.23999,-0.2136428942261006,-0.23324657181506525,-0.13087044832957692
2022-07-11,2357.429932,2363.26001,2337.820068,2340.27002,2340.27002,376900,2989.23999,-0.21710199655130402,-0.23324657181506525,-0.13168295724612844
2022-07-12,2330.879883,2333.02002,2303.73999,2317.76001,2317.76001,379000,2989.23999,-0.2246323420823766,-0.23324657181506525,-0.13248267074667125
2022-07-13,2324.449951,2341.189941,2312.48999,2328.610107,2328.610107,308400,2989.23999,-0.221002624483155,-0.23324657181506525,-0.13326988872376808
2022-07-14,2316.409912,2338.290039,2307.689941,2322.320068,2322.320068,348900,2989.23999,-0.22310685131708008,-0.23324657181506525,-0.13404490177098743
2022-07-15,2335.120117,2337.300049,2293.449951,2330.97998,2330.97998,319300,2989.23999,-0.22020982330026972,-0.23324657181506525,-0.13480799154055725
2022-07-18,2350.47998,2376.5,2344.120117,2375.25,2375.25,324100,2989.23999,-0.20540003213325142,-0.23324657181506525,-0.13555943108463747
2022-07-19,2367.52002,2372.73999,2359.590088,2370.969971,2370.969971,339200,2989.23999,-0.20683184390290454,-0.23324657181506525,-0.1362994851810801
2022-07-20,2406.290039,2410.060059,2382.649902,2386.850098,2386.850098,333000,2989.23999,-0.20151941430436981,-0.23324657181506525,-0.13702841064449353
2022-07-21,2387.909912,2411.959961,2387.909912,2409.159912,2409.159912,295500,2989.23999,-0.19405604098050355,-0.23324657181506525,-0.1377464566233784
2022-07-22,2405.370117,2417.909912,2391.47998,2393.139893,2393.139893,381400,2989.23999,-0.19941526909654383,-0.23324657181506525,-0.13845386488405756
2022-07-25,2385.649902,2412.469971,2385.649902,2403.689941,2403.689941,322900,2989.23999,-0.19588592784749947,-0.23324657181506525,-0.1391508700820797
2022-07-26,2397.27002,2415.389893,2395.169922,2412.959961,2412.959961,415100,2989.23999,-0.19278479845306762,-0.23324657181506525,-0.13983770002173648
2022-07-27,2412.52002,2415.530029,2396.189941,2415.530029,2415.530029,333400,2989.23999,-0.1919250253975091,-0.23324657181506525,-0.14051457590429683
2022-07-28,2437.570068,2443.429932,2429.070068,2435.27002,2435.27002,490900,2989.23999,-0.18532134316856907,-0.23324657181506525,-0.1411817125655254
2022-07-29,2453.530029,2463.050049,2442.01001,2451.5,2451.5,499000,2989.23999,-0.17989187612868784,-0.23324657181506525,-0.1418393187030221
2022-08-01,2444.050049,2461.399902,2437.129883,2452.25,2452.25,487000,2989.23999,-0.179640976233561,-0.23324657181506525,-0.14248759709388767
2022-08-02,2451.0,2451.070068,2428.76001,2439.620117,2439.620117,549800,2989.23999,-0.18386609132711362,-0.23324657181506525,-0.14312674480319174
2022-08-03,2438.560059,2461.449951,2433.120117,2461.449951,2461.449951,475200,2989.23999,-0.17656328724546466,-0.23324657181506525,-0.14375695338369435
2022-08-04,2478.439941,2478.949951,2465.320068,2473.110107,2473.110107,398500,2989.23999,-0.17266257802204765,-0.23324657181506525,-0.14437840906724553
2022-08-05,2481.429932,2497.580078,2480.050049,2490.800049,2490.800049,409400,2989.23999,-0.1667447052319142,-0.23324657181506525,-0.144991292948265
2022-08-08,2481.169922,2494.0,2477.76001,2493.100098,2493.100098,418100,2989.23999,-0.16597526249473205,-0.23324657181506525,-0.14559578115968141
2022-08-09,2493.570068,2506.48999,2481.360107,2503.459961,2503.459961,454200,2989.23999,-0.1625095444410939,-0.23324657181506525,-0.14619204504169084
2022-08-10,2493.699951,2494.149902,2478.209961,2480.879883,2480.879883,479300,2989.23999,-0.17006333004396879,-0.23324657181506525,-0.14678025130367311
2022-08-11,2507.73999,2523.780029,2506.409912,2523.780029,2523.780029,505100,2989.23999,-0.15571180720086653,-0.23324657181506525,-0.14736056217958846
2022-08-12,2519.659912,2533.199951,2514.310059,2527.939941,2527.939941,445100,2989.23999,-0.15432017855481717,-0.23324657181506525,-0.14793313557715831
2022-08-16,2543.050049,2546.350098,2532.199951,2533.52002,2533.52002,398100,2989.23999,-0.1524534569069511,-0.23324657181506525,-0.14849812522111797
2022-08-17,2536.570068,2543.149902,2512.01001,2516.469971,2516.469971,417800,2989.23999,-0.1581572642482948,-0.23324657181506525,-0.149055680790815
2022-08-18,2499.300049,2515.370117,2488.090088,2508.050049,2508.050049,381400,2989.23999,-0.1609740076439965,-0.23324657181506525,-0.1496059480524114
2022-08-19,2510.719971,2510.719971,2492.689941,2492.689941,2492.689941,459700,2989.23999,-0.1661124736257793,-0.23324657181506525,-0.15014906898593514
2022-08-22,2467.379883,2475.77002,2457.080078,2462.5,2462.5,422400,2989.23999,-0.1762120110001606,-0.23324657181506525,-0.1506851819074134
2022-08-23,2449.310059,2454.550049,2431.830078,2435.340088,2435.340088,471000,2989.23999,-0.18529790309676675,-0.23324657181506525,-0.15121442158630857
2022-08-24,2446.179932,2454.01001,2430.689941,2447.449951,2447.449951,423300,2989.23999,-0.18124675195449935,-0.23324657181506525,-0.15173691935846628
2022-08-25,2459.790039,2477.26001,2455.320068,2477.26001,2477.26001,426000,2989.23999,-0.17127429771873215,-0.23324657181506525,-0.15225280323477386
2022-08-26,2489.139893,2497.76001,2476.75,2481.030029,2481.030029,519900,2989.23999,-0.1700131012230972,-0.23324657181506525,-0.1527621980057191
2022-08-29,2432.060059,2432.889893,2417.01001,2426.889893,2426.889893,447200,2989.23999,-0.18812477381583537,-0.23324657181506525,-0.15326522534202752
2022-08-30,2441.209961,2453.909912,2433.47998,2450.929932,2450.929932,336200,2989.23999,-0.18008258279724143,-0.23324657181506525,-0.15376200389154948
2022-08-31,2433.469971,2473.75,2426.139893,2472.050049,2472.050049,435900,2989.23999,-0.17301720261008557,-0.23324657181506525,-0.15425264937255884
2022-09-01,2443.0,2443.610107,2415.610107,2415.610107,2415.610107,579300,2989.23999,-0.19189823664843986,-0.23324657181506525,-0.15473727466361714
2022-09-02,2427.699951,2432.370117,2402.669922,2409.409912,2409.409912,391400,2989.23999,-0.19397240768212787,-0.23324657181506525,-0.15521598989015037
2022-09-05,2410.070068,2424.77002,2392.629883,2403.679932,2403.679932,354700,2989.23999,-0.19588927619023322,-0.23324657181506525,-0.15568890250787715
2022-09-06,2409.719971,2422.530029,2399.26001,2410.02002,2410.02002,294100,2989.23999,-0.1937683063045066,-0.23324657181506525,-0.15615611738322163
2022-09-07,2395.659912,2398.399902,2365.350098,2376.459961,2376.459961,377900,2989.23999,-0.20499526001590795,-0.23324657181506525,-0.15661773687083747
2022-09-08,2393.27002,2394.060059,2379.060059,2384.280029,2384.280029,423600,2989.23999,-0.2023791876944614,-0.23324657181506525,-0.15707386088836262
2022-09-13,2418.590088,2453.949951,2418.590088,2449.540039,2449.540039,366900,2989.23999,-0.18054754814115814,-0.23324657181506525,-0.15752458698852062
2022-09-14,2390.469971,2418.419922,2381.5,2411.419922,2411.419922,461300,2989.23999,-0.19329999261785602,-0.23324657181506525,-0.15797001042867678
2022-09-15,2416.01001,2421.629883,2401.830078,2401.830078,2401.830078,423900,2989.23999,-0.19650811375636656,-0.23324657181506525,-0.15841022423795392
2022-09-16,2387.560059,2395.100098,2371.110107,2382.780029,2382.780029,440300,2989.23999,-0.20288098748471517,-0.23324657181506525,-0.15884531928200687
2022-09-19,2388.72998,2389.850098,2352.76001,2355.659912,2355.659912,403700,2989.23999,-0.2119535668328858,-0.23324657181506525,-0.15927538432555058
2022-09-20,2373.639893,2382.52002,2359.840088,2367.850098,2367.850098,419200,2989.23999,-0.20787554498091676,-0.23324657181506525,-0.1597005060927317
2022-09-21,2351.540039,2360.27002,2341.790039,2347.209961,2347.209961,378000,2989.23999,-0.2147803559258552,-0.23324657181506525,-0.16012076932543073
2022-09-22,2319.699951,2335.110107,2309.100098,2332.310059,2332.310059,446600,2989.23999,-0.2197648677247892,-0.23324657181506525,-0.1605362568395764
2022-09-23,2331.330078,2334.060059,2285.709961,2290.0,2290.0,446300,2989.23999,-0.2339189868793372,-0.2339189868793372,-0.16095084853471628
2022-09-26,2260.800049,2260.800049,2215.360107,2220.939941,2220.939941,621400,2989.23999,-0.2570218689600764,-0.2570218689600764,-0.16149057336856662
2022-09-27,2224.389893,2227.350098,2197.899902,2223.860107,2223.860107,487600,2989.23999,-0.2560449765025391,-0.2570218689600764,-0.162024267757346
2022-09-28,2206.149902,2223.560059,2151.600098,2169.290039,2169.290039,595700,2989.23999,-0.2743004756202262,-0.2743004756202262,-0.16264802446769536
2022-09-29,2197.75,2210.610107,2170.139893,2170.929932,2170.929932,508200,2989.23999,-0.2737518769779338,-0.2743004756202262,-0.16417191599891884
2022-09-30,2161.110107,2177.199951,2134.77002,2155.48999,2155.48999,950000,2989.23999,-0.27891705008268675,-0.27891705008268675,-0.16565590520998397
2022-10-04,2189.51001,2212.379883,2180.840088,2209.379883,2209.379883,420700,2989.23999,-0.2608890920798902,-0.27891705008268675,-0.16707774569556133
2022-10-05,2248.850098,2253.929932,2204.030029,2215.219971,2215.219971,855400,2989.23999,-0.2589353887909147,-0.27891705008268675,-0.16849958618113867
2022-10-06,2230.429932,2250.870117,2223.360107,2237.860107,2237.860107,642700,2989.23999,-0.2513615117935044,-0.27891705008268675,-0.16992142666671606
2022-10-07,2217.840088,2245.879883,2215.080078,2232.840088,2232.840088,428500,2989.23999,-0.25304087478101756,-0.27891705008268675,-0.17134326715229342
2022-10-11,2193.02002,2193.050049,2174.060059,2192.070068,2192.070068,859100,2989.23999,-0.26667979977077716,-0.27891705008268675,-0.17276510763787079
2022-10-12,2191.350098,2205.02002,2181.649902,2202.469971,2202.469971,658000,2989.23999,-0.2632006870080712,-0.27891705008268675,-0.17418694812344818
2022-10-13,2198.290039,2198.340088,2162.870117,2162.870117,2162.870117,792200,2989.23999,-0.27644815262892297,-0.27891705008268675,-0.17560878860902554
2022-10-14,2200.659912,2220.540039,2193.629883,2212.550049,2212.550049,512900,2989.23999,-0.2598285663239772,-0.27891705008268675,-0.1769740745279613
2022-10-17,2187.169922,2221.050049,2177.659912,2219.709961,2219.709961,498500,2989.23999,-0.2574333380974205,-0.27891705008268675,-0.17829129897737728
2022-10-18,2249.149902,2251.73999,2220.709961,2249.949951,2249.949951,580700,2989.23999,-0.24731705767123768,-0.27891705008268675,-0.17956771044966813
2022-10-19,2249.350098,2266.800049,2234.590088,2237.439941,2237.439941,895000,2989.23999,-0.2515020712672855,-0.27891705008268675,-0.18084412192195903
2022-10-20,2225.530029,2231.52002,2200.439941,2218.090088,2218.090088,1108000,2989.23999,-0.25797523938517897,-0.27891705008268675,-0.1821056838560791
2022-10-21,2210.590088,2224.040039,2204.639893,2213.120117,2213.120117,637400,2989.23999,-0.25963785965542363,-0.27891705008268675,-0.1832886490024212
2022-10-24,2248.26001,2256.669922,2229.850098,2236.159912,2236.159912,444700,2989.23999,-0.2519302834564313,-0.27891705008268675,-0.18433852549442026
2022-10-25,2237.040039,2253.23999,2230.75,2235.070068,2235.070068,456700,2989.23999,-0.2522948724501709,-0.27891705008268675,-0.18536767969387577
2022-10-26,2240.699951,2258.110107,2234.48999,2249.560059,2249.560059,563300,2989.23999,-0.2474474894871188,-0.27891705008268675,-0.1862207393373071
2022-10-27,2266.070068,2290.560059,2262.02002,2288.780029,2288.780029,587700,2989.23999,-0.2343271076739476,-0.27891705008268675,-0.1870737989807384
2022-10-28,2276.72998,2292.649902,2266.439941,2268.399902,2268.399902,427100,2989.23999,-0.24114493664324355,-0.27891705008268675,-0.18792685862416972
2022-10-31,2293.75,2295.51001,2273.72998,2293.610107,2293.610107,401300,2989.23999,-0.23271128625574156,-0.27891705008268675,-0.18877991826760104
2022-11-01,2301.580078,2335.570068,2297.570068,2335.219971,2335.219971,597100,2989.23999,-0.21879140557061794,-0.27891705008268675,-0.1896329779110323
2022-11-02,2326.050049,2346.320068,2323.370117,2336.870117,2336.870117,450200,2989.23999,-0.2182393769594927,-0.27891705008268675,-0.19048603755446364
2022-11-03,2297.449951,2342.860107,2296.439941,2329.169922,2329.169922,550300,2989.23999,-0.22081534778343437,-0.27891705008268675,-0.19133909719789494
2022-11-04,2325.850098,2348.429932,2316.290039,2348.429932,2348.429932,436200,2989.23999,-0.21437223513124481,-0.27891705008268675,-0.19219215684132626
2022-11-07,2360.219971,2373.280029,2354.219971,2371.790039,2371.790039,392300,2989.23999,-0.20655750393597538,-0.27891705008268675,-0.1930452164847575
2022-11-08,2387.199951,2400.389893,2375.669922,2399.040039,2399.040039,499800,2989.23999,-0.19744147441303306,-0.27891705008268675,-0.19389827612818883
2022-11-09,2408.540039,2429.649902,2403.639893,2424.409912,2424.409912,680500,2989.23999,-0.18895440977959077,-0.27891705008268675,-0.19475133577162013
2022-11-10,2405.77002,2426.100098,2401.98999,2402.22998,2402.22998,899000,2989.23999,-0.19637433326321851,-0.27891705008268675,-0.19560439541505145
2022-11-11,2466.899902,2486.459961,2463.51001,2483.159912,2483.159912,758000,2989.23999,-0.16930058466132059,-0.27891705008268675,-0.19645745505848278
2022-11-14,2485.179932,2499.429932,2470.600098,2474.649902,2474.649902,730900,2989.23999,-0.17214746548335846,-0.27891705008268675,-0.19731051470191407
2022-11-15,2482.76001,2485.199951,2463.649902,2480.330078,2480.330078,617100,2989.23999,-0.1702472580664225,-0.27891705008268675,-0.1981635743453454
2022-11-16,2487.0,2487.0,2446.790039,2477.449951,2477.449951,657600,2989.23999,-0.17121075614942516,-0.27891705008268675,-0.1990166339887767
2022-11-17,2466.5,2467.389893,2442.899902,2442.899902,2442.899902,914400,2989.23999,-0.182768894377062,-0.27891705008268675,-0.19986969363220802
2022-11-18,2448.129883,2471.870117,2442.870117,2444.47998,2444.47998,589500,2989.23999,-0.18224030583773898,-0.27891705008268675,-0.20072275327563927
2022-11-21,2446.050049,2448.139893,2409.360107,2419.5,2419.5,544500,2989.23999,-0.19059693832076696,-0.27891705008268675,-0.2015758129190706
2022-11-22,2405.959961,2426.399902,2401.5,2405.27002,2405.27002,539200,2989.23999,-0.19535733897364327,-0.27891705008268675,-0.20242887256250192
2022-11-23,2424.360107,2427.280029,2407.580078,2418.01001,2418.01001,474800,2989.23999,-0.1910953894337537,-0.27891705008268675,-0.2032819322059332
2022-11-24,2437.51001,2441.330078,2428.120117,2441.330078,2441.330078,481200,2989.23999,-0.1832940526130189,-0.27891705008268675,-0.20413499184936454
2022-11-25,2442.209961,2449.659912,2433.570068,2437.860107,2437.860107,438400,2989.23999,-0.1844548730930099,-0.27891705008268675,-0.2049880514927958
2022-11-28,2425.050049,2425.649902,2401.949951,2408.27002,2408.27002,350100,2989.23999,-0.19435373939313583,-0.27891705008268675,-0.20584111113622713
2022-11-29,2405.540039,2433.870117,2401.100098,2433.389893,2433.389893,550000,2989.23999,-0.18595030805806934,-0.27891705008268675,-0.20669417077965843
2022-11-30,2424.439941,2472.530029,2421.419922,2472.530029,2472.530029,593900,2989.23999,-0.17285663336786816,-0.27891705008268675,-0.20754723042308976
2022-12-01,2501.429932,2501.429932,2474.330078,2479.840088,2479.840088,491200,2989.23999,-0.17041117598590672,-0.27891705008268675,-0.208400290066521
2022-12-02,2471.5,2471.5,2434.330078,2434.330078,2434.330078,468500,2989.23999,-0.1856357849675362,-0.27891705008268675,-0.20925334970995232
2022-12-05,2442.169922,2442.219971,2413.050049,2419.320068,2419.320068,385200,2989.23999,-0.1906571315473402,-0.27891705008268675,-0.21010640935338365
2022-12-06,2397.699951,2416.879883,2390.199951,2393.159912,2393.159912,367800,2989.23999,-0.19940857207654306,-0.27891705008268675,-0.21095946899681495
2022-12-07,2385.870117,2394.879883,2377.97998,2382.810059,2382.810059,332100,2989.23999,-0.2028709414529143,-0.27891705008268675,-0.21181252864024627
2022-12-08,2386.899902,2387.949951,2357.199951,2371.080078,2371.080078,351600,2989.23999,-0.2067950094565676,-0.27891705008268675,-0.21266558828367757
2022-12-09,2382.72998,2390.080078,2367.25,2389.040039,2389.040039,315300,2989.23999,-0.2007868063480578,-0.27891705008268675,-0.2135186479271089
2022-12-12,2373.580078,2381.870117,2368.469971,2373.02002,2373.02002,498900,2989.23999,-0.20614603446409807,-0.27891705008268675,-0.2143717075705402
2022-12-13,2385.050049,2388.27002,2364.870117,2372.399902,2372.399902,447100,2989.23999,-0.20635348451898639,-0.27891705008268675,-0.21522476721397152
2022-12-14,2380.810059,2400.179932,2379.439941,2399.25,2399.25,409400,2989.23999,-0.197371235489192,-0.27891705008268675,-0.2160778268574028
2022-12-15,2383.830078,2392.110107,2360.949951,2360.969971,2360.969971,374300,2989.23999,-0.21017717583792928,-0.27891705008268675,-0.21693088650083409
2022-12-16,2329.75,2360.439941,2326.830078,2360.02002,2360.02002,414200,2989.23999,-0.21049496597963024,-0.27891705008268675,-0.2177839461442654
2022-12-19,2350.780029,2358.76001,2342.280029,2352.169922,2352.169922,323600,2989.23999,-0.21312108433287758,-0.27891705008268675,-0.2186370057876967
2022-12-20,2344.72998,2353.860107,2324.659912,2333.290039,2333.290039,358100,2989.23999,-0.21943703188582064,-0.27891705008268675,-0.21949006543112803
2022-12-21,2346.389893,2347.0,2325.780029,2328.949951,2328.949951,329400,2989.23999,-0.22088893538454235,-0.27891705008268675,-0.2203431250745593
2022-12-22,2340.0,2356.72998,2335.75,2356.72998,2356.72998,552800,2989.23999,-0.21159559356758106,-0.27891705008268675,-0.22119618471799063
2022-12-23,2325.860107,2333.080078,2311.899902,2313.689941,2313.689941,367000,2989.23999,-0.22599391526272194,-0.27891705008268675,-0.22204924436142193
2022-12-26,2312.540039,2321.919922,2304.199951,2317.139893,2317.139893,427600,2989.23999,-0.22483979180273173,-0.27891705008268675,-0.22290230400485325
2022-12-27,2327.52002,2335.98999,2321.47998,2332.790039,2332.790039,448300,2989.23999,-0.2196042984825718,-0.27891705008268675,-0.22375536364828455
2022-12-28,2296.449951,2296.449951,2276.899902,2280.449951,2280.449951,405700,2989.23999,-0.23711379526941223,-0.27891705008268675,-0.22460842329171582
2022-12-29,2265.72998,2272.669922,2236.379883,2236.399902,2236.399902,361000,2989.23999,-0.25184999883532266,-0.27891705008268675,-0.22546148293514715
2023-01-02,2249.949951,2259.879883,2222.370117,2225.669922,2225.669922,346100,2989.23999,-0.2554395333109404,-0.27891705008268675,-0.22631454257857844
2023-01-03,2230.97998,2230.97998,2180.669922,2218.679932,2218.679932,410000,2989.23999,-0.25777791698819075,-0.27891705008268675,-0.22716760222200977
2023-01-04,2205.97998,2260.060059,2198.820068,2255.97998,2255.97998,412700,2989.23999,-0.2452998128129552,-0.27891705008268675,-0.22802066186544107
2023-01-05,2268.199951,2281.389893,2252.969971,2264.649902,2264.649902,430800,2989.23999,-0.24239943611887782,-0.27891705008268675,-0.2288737215088724
2023-01-06,2253.399902,2300.620117,2253.27002,2289.969971,2289.969971,398300,2989.23999,-0.2339290325766049,-0.27891705008268675,-0.22972678115230372
2023-01-09,2315.870117,2351.060059,2312.560059,2350.189941,2350.189941,341100,2989.23999,-0.21378345369988172,-0.27891705008268675,-0.230579840795735
2023-01-10,2348.040039,2370.179932,2344.179932,2351.310059,2351.310059,359600,2989.23999,-0.21340873704824215,-0.27891705008268675,-0.23143290043916634
2023-01-11,2364.050049,2369.659912,2350.360107,2359.530029,2359.530029,368800,2989.23999,-0.21065888423364765,-0.27891705008268675,-0.23228596008259758
2023-01-12,2376.719971,2377.800049,2358.330078,2365.100098,2365.100098,580100,2989.23999,-0.20879551126304852,-0.27891705008268675,-0.2331390197260289
2023-01-13,2377.340088,2397.01001,2375.780029,2386.090088,2386.090088,861700,2989.23999,-0.20177366287676357,-0.27891705008268675,-0.2339920793694602
2023-01-16,2390.060059,2410.219971,2387.610107,2399.860107,2399.860107,517800,2989.23999,-0.1971671344461038,-0.27891705008268675,-0.23484513901289153
2023-01-17,2400.919922,2404.0,2374.649902,2379.389893,2379.389893,536000,2989.23999,-0.20401510050720284,-0.27891705008268675,-0.2356981986563228
2023-01-18,2380.360107,2383.0,2356.840088,2368.320068,2368.320068,536200,2989.23999,-0.20771832441596638,-0.27891705008268675,-0.23655125829975412
2023-01-19,2354.560059,2380.340088,2354.560059,2380.340088,2380.340088,369900,2989.23999,-0.20369722873940277,-0.27891705008268675,-0.23740431794318545
2023-01-20,2380.0,2395.969971,2372.570068,2395.26001,2395.26001,302300,2989.23999,-0.19870601958593492,-0.27891705008268675,-0.23825737758661675
2023-01-25,2426.580078,2432.709961,2421.51001,2428.570068,2428.570068,549800,2989.23999,-0.18756269950744242,-0.27891705008268675,-0.23911043723004807
2023-01-26,2436.179932,2468.649902,2426.399902,2468.649902,2468.649902,486600,2989.23999,-0.17415466464437335,-0.27891705008268675,-0.23996349687347932
2023-01-27,2474.52002,2497.399902,2464.530029,2484.02002,2484.02002,509100,2989.23999,-0.1690128499853235,-0.27891705008268675,-0.24081655651691064
2023-01-30,2484.639893,2491.129883,2446.590088,2450.469971,2450.469971,475100,2989.23999,-0.18023645501945795,-0.27891705008268675,-0.24166961616034194
2023-01-31,2449.919922,2457.47998,2423.370117,2425.080078,2425.080078,616900,2989.23999,-0.1887302170074341,-0.27891705008268675,-0.24248935270890265
2023-02-01,2446.030029,2453.290039,2433.370117,2449.800049,2449.800049,666100,2989.23999,-0.18046056616551553,-0.27891705008268675,-0.24330111614386937
2023-02-02,2481.939941,2486.199951,2454.600098,2468.879883,2468.879883,692800,2989.23999,-0.17407772836599844,-0.27891705008268675,-0.24403446882310859
2023-02-03,2466.540039,2485.080078,2460.209961,2480.399902,2480.399902,496600,2989.23999,-0.17022389962071927,-0.27891705008268675,-0.24476782150234785
2023-02-06,2461.820068,2469.419922,2438.040039,2438.189941,2438.189941,566600,2989.23999,-0.18434453267166417,-0.27891705008268675,-0.24550117418158707
2023-02-07,2440.139893,2456.169922,2432.399902,2451.709961,2451.709961,446600,2989.23999,-0.1798216372048469,-0.27891705008268675,-0.24623452686082628
2023-02-08,2469.419922,2487.350098,2465.959961,2483.639893,2483.639893,414800,2989.23999,-0.16914001508457,-0.27891705008268675,-0.2469678795400655
2023-02-09,2470.659912,2487.139893,2466.610107,2481.52002,2481.52002,609400,2989.23999,-0.1698491829690797,-0.27891705008268675,-0.24770123221930476
2023-02-10,2470.649902,2473.800049,2454.73999,2469.72998,2469.72998,656900,2989.23999,-0.17379334270180158,-0.27891705008268675,-0.24843458489854398
2023-02-13,2461.959961,2462.580078,2440.860107,2452.699951,2452.699951,485500,2989.23999,-0.1794904526886113,-0.27891705008268675,-0.24916793757778322
2023-02-14,2471.330078,2480.340088,2459.830078,2465.639893,2465.639893,348800,2989.23999,-0.17516161256761453,-0.27891705008268675,-0.24990129025702248
2023-02-15,2473.090088,2473.439941,2424.159912,2427.899902,2427.899902,386500,2989.23999,-0.1877868922795991,-0.27891705008268675,-0.25063464293626164
2023-02-16,2444.060059,2475.98999,2442.070068,2475.47998,2475.47998,387600,2989.23999,-0.17186977683916238,-0.27891705008268675,-0.25136799561550094
2023-02-17,2447.659912,2471.51001,2445.73999,2451.209961,2451.209961,513600,2989.23999,-0.17998890380159804,-0.27891705008268675,-0.2521013482947401
2023-02-20,2453.25,2463.169922,2430.27002,2455.120117,2455.120117,390000,2989.23999,-0.17868082682782527,-0.27891705008268675,-0.25283470097397936
2023-02-21,2457.51001,2466.070068,2446.0,2458.959961,2458.959961,494300,2989.23999,-0.17739627155195392,-0.27891705008268675,-0.2535680536532186
2023-02-22,2430.870117,2435.97998,2416.159912,2417.679932,2417.679932,426700,2989.23999,-0.19120581148119864,-0.27891705008268675,-0.25430140633245785
2023-02-23,2430.01001,2449.620117,2422.620117,2439.090088,2439.090088,400300,2989.23999,-0.18404340362113247,-0.27891705008268675,-0.25503475901169714
2023-02-24,2442.48999,2452.969971,2421.469971,2423.610107,2423.610107,369200,2989.23999,-0.18922197110042005,-0.27891705008268675,-0.2557681116909363
2023-02-27,2405.419922,2405.560059,2383.76001,2402.639893,2402.639893,356700,2989.23999,-0.19623720375827036,-0.27891705008268675,-0.25650146437017557
2023-02-28,2417.580078,2431.669922,2407.290039,2412.850098,2412.850098,529200,2989.23999,-0.19282155127330547,-0.27891705008268675,-0.25723481704941475
2023-03-02,2414.610107,2440.590088,2411.850098,2427.850098,2427.850098,427900,2989.23999,-0.18780355337076837,-0.27891705008268675,-0.257968169728654
2023-03-03,2438.72998,2442.100098,2423.080078,2432.070068,2432.070068,371500,2989.23999,-0.18639183333018372,-0.27891705008268675,-0.2586168296280257
2023-03-06,2452.459961,2464.449951,2441.070068,2462.620117,2462.620117,417900,2989.23999,-0.17617182787655672,-0.27891705008268675,-0.25924404216017616
2023-03-07,2457.040039,2475.72998,2455.649902,2463.350098,2463.350098,449800,2989.23999,-0.17592762500143055,-0.27891705008268675,-0.2597865247049338
2023-03-08,2435.580078,2442.610107,2426.52002,2431.909912,2431.909912,437300,2989.23999,-0.18644541082832222,-0.27891705008268675,-0.2603290072496915
2023-03-09,2440.790039,2444.199951,2416.25,2419.090088,2419.090088,473500,2989.23999,-0.19073406749118194,-0.27891705008268675,-0.26085950244608275
2023-03-10,2389.820068,2400.870117,2383.189941,2394.590088,2394.590088,412900,2989.23999,-0.1989301307319925,-0.27891705008268675,-0.26129725778744034
2023-03-13,2400.449951,2413.23999,2369.790039,2410.600098,2410.600098,380400,2989.23999,-0.19357425095868608,-0.27891705008268675,-0.26173501312879793
2023-03-14,2390.360107,2390.780029,2348.189941,2348.969971,2348.969971,484800,2989.23999,-0.21419157415995893,-0.27891705008268675,-0.2620831508004072
2023-03-15,2380.090088,2395.360107,2370.77002,2379.719971,2379.719971,443500,2989.23999,-0.2039046784597579,-0.27891705008268675,-0.2623783393182827
2023-03-16,2357.97998,2382.790039,2346.110107,2377.909912,2377.909912,317300,2989.23999,-0.20451020327745584,-0.27891705008268675,-0.26267352783615816
2023-03-17,2403.699951,2405.350098,2382.800049,2395.689941,2395.689941,363400,2989.23999,-0.19856219339551917,-0.27891705008268675,-0.2629687163540337
2023-03-20,2391.870117,2405.98999,2378.699951,2379.199951,2379.199951,344700,2989.23999,-0.20407864241104312,-0.27891705008268675,-0.26326390487190915
2023-03-21,2396.540039,2399.52002,2383.169922,2388.350098,2388.350098,354700,2989.23999,-0.20101761451411604,-0.27891705008268675,-0.26355909338978467
2023-03-22,2411.25,2417.469971,2402.780029,2416.959961,2416.959961,500900,2989.23999,-0.19144666567905777,-0.27891705008268675,-0.26385428190766014
2023-03-23,2398.27002,2424.47998,2397.909912,2424.47998,2424.47998,567400,2989.23999,-0.18893096970778844,-0.27891705008268675,-0.26413292934629107
2023-03-24,2421.27002,2423.76001,2399.48999,2414.959961,2414.959961,470100,2989.23999,-0.1921157320660627,-0.27891705008268675,-0.2644021358233082
2023-03-27,2423.939941,2423.939941,2395.969971,2409.219971,2409.219971,472200,2989.23999,-0.19403594925143497,-0.27891705008268675,-0.26467134230032535
2023-03-28,2418.689941,2434.939941,2415.340088,2434.939941,2434.939941,523500,2989.23999,-0.1854317655505472,-0.27891705008268675,-0.2649250671795899
2023-03-29,2432.629883,2443.949951,2428.610107,2443.919922,2443.919922,496600,2989.23999,-0.18242766382902564,-0.27891705008268675,-0.2651787920588544
2023-03-30,2452.969971,2462.699951,2439.429932,2453.159912,2453.159912,621300,2989.23999,-0.17933658046639467,-0.27891705008268675,-0.26543251693811903
2023-03-31,2459.939941,2481.23999,2456.540039,2476.860107,2476.860107,721300,2989.23999,-0.17140807854641338,-0.27891705008268675,-0.2656862418173836
2023-04-03,2485.810059,2485.810059,2467.590088,2472.340088,2472.340088,807400,2989.23999,-0.17292017493717526,-0.27891705008268675,-0.26593996669664816
2023-04-04,2475.870117,2489.709961,2472.790039,2480.51001,2480.51001,830500,2989.23999,-0.17018706483984913,-0.27891705008268675,-0.26619369157591277
2023-04-05,2482.610107,2497.610107,2478.669922,2495.209961,2495.209961,630400,2989.23999,-0.16526944328748927,-0.27891705008268675,-0.2664474164551773
2023-04-06,2488.0,2488.0,2458.5,2459.22998,2459.22998,749100,2989.23999,-0.17730594123357757,-0.27891705008268675,-0.2667011413344419
2023-04-07,2478.639893,2493.060059,2473.889893,2490.409912,2490.409912,584000,2989.23999,-0.1668752190084276,-0.27891705008268675,-0.2669548662137064
2023-04-10,2491.679932,2519.98999,2490.169922,2512.080078,2512.080078,716200,2989.23999,-0.15962582917271895,-0.27891705008268675,-0.267208591092971
2023-04-11,2523.330078,2550.969971,2514.419922,2547.860107,2547.860107,766800,2989.23999,-0.14765622180773785,-0.27891705008268675,-0.2674623159722356
2023-04-12,2546.360107,2561.370117,2536.22998,2550.639893,2550.639893,899800,2989.23999,-0.14672629111990432,-0.27891705008268675,-0.2677160408515001
2023-04-13,2534.709961,2561.659912,2531.070068,2561.659912,2561.659912,840300,2989.23999,-0.1430397289713764,-0.27891705008268675,-0.2679697657307647
2023-04-14,2580.100098,2581.73999,2560.530029,2571.48999,2571.48999,890500,2989.23999,-0.139751241585658,-0.27891705008268675,-0.2682234906100292
2023-04-17,2570.300049,2577.080078,2561.139893,2575.909912,2575.909912,774600,2989.23999,-0.13827263096396614,-0.27891705008268675,-0.2684772154892938
2023-04-18,2582.22998,2582.22998,2557.189941,2571.090088,2571.090088,895200,2989.23999,-0.13988502207880604,-0.27891705008268675,-0.2687309403685583
2023-04-19,2570.060059,2582.110107,2568.459961,2575.080078,2575.080078,956000,2989.23999,-0.13855023798206312,-0.27891705008268675,-0.26898466524782294
2023-04-20,2566.060059,2573.939941,2552.060059,2563.110107,2563.110107,950400,2989.23999,-0.14255459060682518,-0.27891705008268675,-0.2692383901270875
2023-04-21,2556.699951,2559.439941,2532.320068,2544.399902,2544.399902,969000,2989.23999,-0.14881377523656103,-0.27891705008268675,-0.26949211500635206
2023-04-24,2538.360107,2541.889893,2518.72998,2523.5,2523.5,925900,2989.23999,-0.1558054861965098,-0.27891705008268675,-0.2697458398856166
2023-04-25,2531.350098,2531.350098,2472.330078,2489.02002,2489.02002,885200,2989.23999,-0.16734018401781114,-0.27891705008268675,-0.2699995647648812
2023-04-26,2489.48999,2498.560059,2481.379883,2484.830078,2484.830078,1088100,2989.23999,-0.16874185869566127,-0.27891705008268675,-0.27025328964414574
2023-04-27,2484.310059,2499.01001,2465.830078,2495.810059,2495.810059,732600,2989.23999,-0.16506869058713491,-0.27891705008268675,-0.2705070145234103
2023-04-28,2511.790039,2517.129883,2489.580078,2501.530029,2501.530029,776400,2989.23999,-0.16315517075629649,-0.27891705008268675,-0.27076073940267487
2023-05-02,2504.01001,2524.419922,2503.209961,2524.389893,2524.389893,700300,2989.23999,-0.15550778744934424,-0.27891705008268675,-0.2710144642819394
2023-05-03,2510.189941,2514.370117,2497.830078,2501.399902,2501.399902,887300,2989.23999,-0.1631987025571674,-0.27891705008268675,-0.271268189161204
2023-05-04,2494.820068,2502.139893,2486.090088,2500.939941,2500.939941,809100,2989.23999,-0.16335257477938392,-0.27891705008268675,-0.2715219140404686
2023-05-08,2518.530029,2525.840088,2511.129883,2513.209961,2513.209961,653900,2989.23999,-0.15924784580444473,-0.27891705008268675,-0.2717756389197331
2023-05-09,2512.340088,2514.810059,2495.629883,2510.060059,2510.060059,750500,2989.23999,-0.16030159257972465,-0.27891705008268675,-0.27202936379899767
2023-05-10,2505.959961,2510.129883,2488.419922,2496.51001,2496.51001,634400,2989.23999,-0.16483453374380963,-0.27891705008268675,-0.2722830886782623
2023-05-11,2505.570068,2513.820068,2490.080078,2491.0,2491.0,646300,2989.23999,-0.16667781498534018,-0.27891705008268675,-0.27253681355752685
2023-05-12,2487.350098,2487.350098,2472.449951,2475.419922,2475.419922,797200,2989.23999,-0.17188986823369778,-0.27891705008268675,-0.2727905384367914
2023-05-15,2469.800049,2479.350098,2455.98999,2479.350098,2479.350098,483300,2989.23999,-0.17057509390539105,-0.27891705008268675,-0.27304426331605597
2023-05-16,2494.399902,2498.540039,2474.899902,2480.23999,2480.23999,627900,2989.23999,-0.17027739549275867,-0.27891705008268675,-0.27329798819532053
2023-05-17,2479.649902,2498.370117,2475.02002,2494.659912,2494.659912,563300,2989.23999,-0.16545345293604208,-0.27891705008268675,-0.2735517130745851
2023-05-18,2511.090088,2515.399902,2500.01001,2515.399902,2515.399902,571500,2989.23999,-0.1585152378481327,-0.27891705008268675,-0.27380543795384965
2023-05-19,2530.830078,2538.310059,2524.889893,2537.790039,2537.790039,569300,2989.23999,-0.1510249938145649,-0.27891705008268675,-0.2740591628331142
2023-05-22,2540.030029,2564.090088,2533.5,2557.080078,2557.080078,590500,2989.23999,-0.14457183546510766,-0.27891705008268675,-0.2743128877123788
2023-05-23,2565.800049,2577.320068,2561.100098,2567.550049,2567.550049,573800,2989.23999,-0.14106928263059937,-0.27891705008268675,-0.27456661259164333
2023-05-24,2557.110107,2572.209961,2555.040039,2567.449951,2567.449951,1071600,2989.23999,-0.14110276873420258,-0.27891705008268675,-0.2748203374709079
2023-05-25,2570.639893,2575.050049,2551.48999,2554.689941,2554.689941,916700,2989.23999,-0.145371415628626,-0.27891705008268675,-0.27507406235017245
2023-05-26,2561.939941,2567.5,2553.790039,2558.810059,2558.810059,631800,2989.23999,-0.14399309939647909,-0.27891705008268675,-0.275327787229437
2023-05-30,2582.409912,2586.219971,2574.820068,2585.52002,2585.52002,638500,2989.23999,-0.13505773084482253,-0.27891705008268675,-0.27558151210870163
2023-05-31,2586.030029,2596.310059,2575.97998,2577.120117,2577.120117,683900,2989.23999,-0.13786777722052357,-0.27891705008268675,-0.2758352369879662
2023-06-01,2572.560059,2580.149902,2565.0,2569.169922,2569.169922,674200,2989.23999,-0.14052738134284093,-0.27891705008268675,-0.27608896186723075
2023-06-02,2586.27002,2601.379883,2583.879883,2601.360107,2601.360107,566500,2989.23999,-0.1297586959553555,-0.27891705008268675,-0.27634268674649526
2023-06-05,2617.429932,2618.620117,2608.01001,2615.409912,2615.409912,542700,2989.23999,-0.12505856982061847,-0.27891705008268675,-0.2765964116257599
2023-06-07,2623.459961,2629.919922,2613.679932,2615.600098,2615.600098,535300,2989.23999,-0.12499494629067909,-0.27891705008268675,-0.2768501365050244
2023-06-08,2609.209961,2612.389893,2595.330078,2610.850098,2610.850098,578700,2989.23999,-0.12658397895981588,-0.27891705008268675,-0.277103861384289
2023-06-09,2624.149902,2644.699951,2618.449951,2641.159912,2641.159912,581500,2989.23999,-0.11644434008792981,-0.27891705008268675,-0.2773575862635535
2023-06-12,2647.48999,2650.449951,2623.429932,2629.350098,2629.350098,554300,2989.23999,-0.12039511488002008,-0.27891705008268675,-0.2776113111428181
2023-06-13,2644.429932,2645.620117,2633.52002,2637.949951,2637.949951,692500,2989.23999,-0.1175181785922782,-0.27891705008268675,-0.2778650360220827
2023-06-14,2640.810059,2642.860107,2614.25,2619.080078,2619.080078,648800,2989.23999,-0.12383077746795434,-0.27891705008268675,-0.27811876090134724
2023-06-15,2629.23999,2634.219971,2602.52002,2608.540039,2608.540039,579000,2989.23999,-0.12735677037426496,-0.27891705008268675,-0.2783724857806118
2023-06-16,2623.570068,2625.790039,2612.209961,2625.790039,2625.790039,668400,2989.23999,-0.12158607278634725,-0.27891705008268675,-0.2786224750206304
2023-06-19,2618.060059,2619.439941,2600.48999,2609.5,2609.5,708800,2989.23999,-0.12703563155529707,-0.27891705008268675,-0.278744114915756
2023-06-20,2602.830078,2610.030029,2596.820068,2604.909912,2604.909912,715800,2989.23999,-0.12857116835239446,-0.27891705008268675,-0.2788657548108816
2023-06-21,2599.189941,2600.969971,2579.52002,2582.629883,2582.629883,655400,2989.23999,-0.13602457760509212,-0.27891705008268675,-0.2788914024467842
2023-06-22,2575.649902,2597.76001,2575.649902,2593.699951,2593.699951,610200,2989.23999,-0.13232127240476266,-0.27891705008268675,-0.27891705008268675
2023-06-23,2599.040039,2600.810059,2568.070068,2570.100098,2570.100098,526500,2989.23999,-0.14021620659504164,-0.27891705008268675,-0.27891705008268675
2023-06-26,2568.649902,2585.310059,2562.030029,2582.199951,2582.199951,479200,2989.23999,-0.13616840413004105,-0.27891705008268675,-0.27891705008268675
2023-06-27,2581.02002,2582.0,2568.52002,2581.389893,2581.389893,535400,2989.23999,-0.1364393954197033,-0.27891705008268675,-0.27891705008268675
2023-06-28,2590.52002,2590.52002,2559.459961,2564.189941,2564.189941,484200,2989.23999,-0.14219335029035252,-0.27891705008268675,-0.27891705008268675
2023-06-29,2564.02002,2577.689941,2550.02002,2550.02002,2550.02002,602500,2989.23999,-0.14693365921416035,-0.27891705008268675,-0.27891705008268675
2023-06-30,2558.429932,2571.030029,2541.719971,2564.280029,2564.280029,508800,2989.23999,-0.14216321286401634,-0.27891705008268675,-0.27891705008268675
2023-07-03,2580.889893,2604.629883,2580.48999,2602.469971,2602.469971,615500,2989.23999,-0.12938740960708206,-0.27891705008268675,-0.27891705008268675
2023-07-04,2604.719971,2607.659912,2591.860107,2593.310059,2593.310059,673100,2989.23999,-0.13245170422064378,-0.27891705008268675,-0.27891705008268675
2023-07-05,2593.469971,2601.98999,2578.659912,2579.0,2579.0,599400,2989.23999,-0.13723889395712252,-0.27891705008268675,-0.27891705008268675
2023-07-06,2574.75,2575.449951,2550.669922,2556.290039,2556.290039,530800,2989.23999,-0.14483612973476911,-0.27891705008268675,-0.27891705008268675
2023-07-07,2547.409912,2547.409912,2515.070068,2526.709961,2526.709961,612100,2989.23999,-0.1547316476921614,-0.27891705008268675,-0.27891705008268675
2023-07-10,2528.080078,2539.629883,2517.669922,2520.699951,2520.699951,560600,2989.23999,-0.15674219553044322,-0.27891705008268675,-0.27891705008268675
2023-07-11,2538.840088,2562.48999,2534.47998,2562.48999,2562.48999,592400,2989.23999,-0.14276204032718032,-0.27891705008268675,-0.27891705008268675
2023-07-12,2557.610107,2574.72998,2554.26001,2574.719971,2574.719971,695500,2989.23999,-0.13867070572677576,-0.27891705008268675,-0.27891705008268675
2023-07-13,2589.889893,2602.209961,2587.75,2591.22998,2591.22998,584300,2989.23999,-0.13314755969125114,-0.27891705008268675,-0.27891705008268675
2023-07-14,2607.469971,2628.300049,2603.360107,2628.300049,2628.300049,568100,2989.23999,-0.12074639112532415,-0.27891705008268675,-0.27891705008268675
2023-07-17,2617.669922,2627.120117,2611.550049,2619.0,2619.0,548800,2989.23999,-0.1238575662170236,-0.27891705008268675,-0.27891705008268675
2023-07-18,2624.590088,2626.889893,2600.669922,2607.620117,2607.620117,491100,2989.23999,-0.12766451481869812,-0.27891705008268675,-0.27891705008268675
2023-07-19,2622.23999,2622.540039,2598.52002,2608.23999,2608.23999,434900,2989.23999,-0.1274571467244422,-0.27891705008268675,-0.27891705008268675
2023-07-20,2595.379883,2611.340088,2589.290039,2600.22998,2600.22998,369700,2989.23999,-0.13013676094972892,-0.27891705008268675,-0.27891705008268675
2023-07-21,2581.060059,2609.76001,2570.580078,2609.76001,2609.76001,499300,2989.23999,-0.12694864957965457,-0.27891705008268675,-0.27891705008268675
2023-07-24,2608.469971,2636.060059,2595.209961,2628.530029,2628.530029,525900,2989.23999,-0.12066945518148242,-0.27891705008268675,-0.27891705008268675
2023-07-25,2643.350098,2646.709961,2621.600098,2636.459961,2636.459961,721500,2989.23999,-0.11801662970526494,-0.27891705008268675,-0.27891705008268675
2023-07-26,2638.76001,2639.209961,2580.97998,2592.360107,2592.360107,830100,2989.23999,-0.13276949469687782,-0.27891705008268675,-0.27891705008268675
2023-07-27,2599.820068,2617.610107,2586.360107,2603.810059,2603.810059,591900,2989.23999,-0.1289391056888678,-0.27891705008268675,-0.27891705008268675
2023-07-28,2593.669922,2609.540039,2586.330078,2608.320068,2608.320068,497300,2989.23999,-0.12743035797537283,-0.27891705008268675,-0.27891705008268675
2023-07-31,2628.870117,2639.449951,2622.209961,2632.580078,2632.580078,454200,2989.23999,-0.11931457935567091,-0.27891705008268675,-0.27891705008268675
2023-08-01,2644.340088,2668.209961,2639.100098,2667.070068,2667.070068,493600,2989.23999,-0.10777653285710265,-0.27891705008268675,-0.27891705008268675
2023-08-02,2651.530029,2660.899902,2611.77002,2616.469971,2616.469971,704700,2989.23999,-0.12470394489804748,-0.27891705008268675,-0.27891705008268675
2023-08-03,2624.76001,2625.449951,2591.300049,2605.389893,2605.389893,789400,2989.23999,-0.12841059877564398,-0.27891705008268675,-0.27891705008268675
2023-08-04,2606.169922,2612.300049,2598.379883,2602.800049,2602.800049,645800,2989.23999,-0.12927698755963724,-0.27891705008268675,-0.27891705008268675
2023-08-07,2591.580078,2607.360107,2580.709961,2580.709961,2580.709961,504100,2989.23999,-0.1366668552430278,-0.27891705008268675,-0.27891705008268675
2023-08-08,2598.290039,2601.409912,2568.149902,2573.97998,2573.97998,637000,2989.23999,-0.13891825727916884,-0.27891705008268675,-0.27891705008268675
2023-08-09,2580.600098,2608.97998,2576.209961,2605.120117,2605.120117,466000,2989.23999,-0.1285008478024543,-0.27891705008268675,-0.27891705008268675
2023-08-10,2592.399902,2601.560059,2590.02002,2601.560059,2601.560059,566500,2989.23999,-0.1296918053742484,-0.27891705008268675,-0.27891705008268675
2023-08-11,2611.25,2616.840088,2589.939941,2591.26001,2591.26001,672200,2989.23999,-0.13313751365945026,-0.27891705008268675,-0.27891705008268675
2023-08-14,2586.51001,2592.909912,2561.879883,2570.870117,2570.870117,622800,2989.23999,-0.13995860967991403,-0.27891705008268675,-0.27891705008268675
2023-08-16,2550.129883,2550.530029,2520.870117,2525.639893,2525.639893,683200,2989.23999,-0.15508962095746615,-0.27891705008268675,-0.27891705008268675
2023-08-17,2512.919922,2520.560059,2482.060059,2519.850098,2519.850098,733900,2989.23999,-0.15702649956854087,-0.27891705008268675,-0.27891705008268675
2023-08-18,2495.179932,2519.600098,2489.629883,2504.5,2504.5,556400,2989.23999,-0.16216161687305675,-0.27891705008268675,-0.27891705008268675
2023-08-21,2511.699951,2524.409912,2505.590088,2508.800049,2508.800049,398600,2989.23999,-0.16072310774886966,-0.27891705008268675,-0.27891705008268675
2023-08-22,2528.389893,2533.429932,2509.530029,2515.73999,2515.73999,471000,2989.23999,-0.15840146712342085,-0.27891705008268675,-0.27891705008268675
2023-08-23,2510.0,2517.51001,2499.889893,2505.5,2505.5,546200,2989.23999,-0.16182708367955434,-0.27891705008268675,-0.27891705008268675
2023-08-24,2531.780029,2539.439941,2520.72998,2537.679932,2537.679932,440300,2989.23999,-0.15106182826090186,-0.27891705008268675,-0.27891705008268675
2023-08-25,2505.389893,2526.370117,2502.050049,2519.139893,2519.139893,576400,2989.23999,-0.1572640867152323,-0.27891705008268675,-0.27891705008268675
2023-08-28,2519.139893,2543.409912,2519.139893,2543.409912,2543.409912,483000,2989.23999,-0.1491449597527965,-0.27891705008268675,-0.27891705008268675
2023-08-29,2550.76001,2556.97998,2545.27002,2552.159912,2552.159912,440700,2989.23999,-0.14621779430964987,-0.27891705008268675,-0.27891705008268675
2023-08-30,2575.419922,2578.620117,2561.219971,2561.219971,2561.219971,363000,2989.23999,-0.14318690383905908,-0.27891705008268675,-0.27891705008268675
2023-08-31,2564.449951,2568.060059,2547.719971,2556.27002,2556.27002,471900,2989.23999,-0.1448428267547699,-0.27891705008268675,-0.27891705008268675
2023-09-01,2551.929932,2568.419922,2551.040039,2563.709961,2563.709961,492400,2989.23999,-0.14235391953256993,-0.27891705008268675,-0.27891705008268675
2023-09-04,2566.929932,2584.550049,2560.320068,2584.550049,2584.550049,342100,2989.23999,-0.13538221834105735,-0.27891705008268675,-0.27891705008268675
2023-09-05,2578.909912,2586.649902,2575.189941,2582.179932,2582.179932,383400,2989.23999,-0.13617510115004183,-0.27891705008268675,-0.27891705008268675
2023-09-06,2577.409912,2585.97998,2560.090088,2563.340088,2563.340088,421500,2989.23999,-0.14247765432845028,-0.27891705008268675,-0.27891705008268675
2023-09-07,2554.870117,2562.419922,2539.23999,2548.26001,2548.26001,376600,2989.23999,-0.14752244098005662,-0.27891705008268675,-0.27891705008268675
2023-09-08,2546.070068,2550.959961,2530.050049,2547.679932,2547.679932,395800,2989.23999,-0.14771649632587713,-0.27891705008268675,-0.27891705008268675
2023-09-11,2549.879883,2556.889893,2540.439941,2556.879883,2556.879883,410300,2989.23999,-0.1446388073377809,-0.27891705008268675,-0.27891705008268675
2023-09-12,2566.419922,2568.550049,2535.149902,2536.580078,2536.580078,358700,2989.23999,-0.15142976593190838,-0.27891705008268675,-0.27891705008268675
2023-09-13,2536.219971,2549.379883,2528.179932,2534.699951,2534.699951,417000,2989.23999,-0.15205873082140853,-0.27891705008268675,-0.27891705008268675
2023-09-14,2544.889893,2572.889893,2541.110107,2572.889893,2572.889893,411800,2989.23999,-0.13928292756447436,-0.27891705008268675,-0.27891705008268675
2023-09-15,2574.97998,2611.0,2572.370117,2601.280029,2601.280029,441100,2989.23999,-0.12978548470442486,-0.27891705008268675,-0.27891705008268675
2023-09-18,2588.689941,2596.550049,2573.26001,2574.719971,2574.719971,415900,2989.23999,-0.13867070572677576,-0.27891705008268675,-0.27891705008268675
2023-09-19,2579.360107,2583.25,2555.459961,2559.209961,2559.209961,461800,2989.23999,-0.14385931890333103,-0.27891705008268675,-0.27891705008268675
2023-09-20,2556.550049,2566.620117,2551.120117,2559.73999,2559.73999,414700,2989.23999,-0.14368200660931207,-0.27891705008268675,-0.27891705008268675
2023-09-21,2544.810059,2549.629883,2514.959961,2514.969971,2514.969971,394700,2989.23999,-0.15865906403854846,-0.27891705008268675,-0.27891705008268675
2023-09-22,2491.449951,2513.26001,2486.139893,2508.129883,2508.129883,433200,2989.23999,-0.16094730052102646,-0.27891705008268675,-0.27891705008268675
2023-09-25,2504.100098,2509.379883,2486.439941,2495.76001,2495.76001,438600,2989.23999,-0.16508543363893646,-0.27891705008268675,-0.27891705008268675
2023-09-26,2493.639893,2495.0,2461.590088,2462.969971,2462.969971,427500,2989.23999,-0.17605479010067704,-0.27891705008268675,-0.27891705008268675
2023-09-27,2447.98999,2469.719971,2445.51001,2465.070068,2465.070068,366200,2989.23999,-0.17535223794460209,-0.27891705008268675,-0.27891705008268675
2023-10-04,2435.780029,2435.780029,2402.840088,2405.689941,2405.689941,424900,2989.23999,-0.19521686146049444,-0.27891705008268675,-0.27891705008268675
2023-10-05,2423.350098,2426.610107,2402.5,2403.600098,2403.600098,451700,2989.23999,-0.19591598331320337,-0.27891705008268675,-0.27891705008268675
2023-10-06,2408.810059,2421.179932,2403.919922,2408.72998,2408.72998,289400,2989.23999,-0.19419986750545248,-0.27891705008268675,-0.27891705008268675
2023-10-10,2436.580078,2448.23999,2402.439941,2402.580078,2402.580078,415500,2989.23999,-0.19625721386123973,-0.27891705008268675,-0.27891705008268675
2023-10-11,2436.52002,2463.560059,2436.52002,2450.080078,2450.080078,446900,2989.23999,-0.18036688716987226,-0.27644815262892297,-0.2789033339857214
2023-10-12,2465.189941,2479.820068,2464.840088,2479.820068,2479.820068,515500,2989.23999,-0.17041787334044067,-0.27644815262892297,-0.27888961788875605
2023-10-13,2460.850098,2466.620117,2452.830078,2456.149902,2456.149902,582400,2989.23999,-0.17833632956315426,-0.27644815262892297,-0.2788759017917907
2023-10-16,2442.429932,2453.77002,2422.52002,2436.23999,2436.23999,788400,2989.23999,-0.18499685600686744,-0.27644815262892297,-0.27886218569482535
2023-10-17,2454.139893,2466.870117,2449.419922,2460.169922,2460.169922,508800,2989.23999,-0.17699149943461046,-0.27644815262892297,-0.27884846959785997
2023-10-18,2452.050049,2465.330078,2450.780029,2462.600098,2462.600098,911500,2989.23999,-0.1761785248965575,-0.27644815262892297,-0.27883475350089465
2023-10-19,2431.919922,2433.449951,2412.550049,2415.800049,2415.800049,756900,2989.23999,-0.1918346947445997,-0.27644815262892297,-0.2788210374039293
2023-10-20,2391.540039,2394.669922,2364.01001,2375.0,2375.0,520600,2989.23999,-0.205483665431627,-0.2598285663239772,-0.2787149902719364
2023-10-23,2370.070068,2375.790039,2354.699951,2357.02002,2357.02002,395900,2989.23999,-0.21149856556013757,-0.25963785965542363,-0.2786078836584516
2023-10-24,2371.550049,2384.139893,2326.669922,2383.51001,2383.51001,444200,2989.23999,-0.202636784609589,-0.25963785965542363,-0.27850077704496684
2023-10-25,2389.22998,2389.899902,2362.689941,2363.169922,2363.169922,440800,2989.23999,-0.20944121920435033,-0.25963785965542363,-0.27839367043148205
2023-10-26,2325.820068,2330.550049,2299.080078,2299.080078,2299.080078,531100,2989.23999,-0.23088139938874563,-0.25963785965542363,-0.2782865638179972
2023-10-27,2311.590088,2321.840088,2293.050049,2302.810059,2302.810059,514900,2989.23999,-0.22963359693311214,-0.25963785965542363,-0.2781794572045125
2023-10-30,2292.340088,2317.75,2292.340088,2310.550049,2310.550049,444800,2989.23999,-0.22704431336073494,-0.25777791698819075,-0.2780620175762097
2023-10-31,2318.389893,2322.449951,2273.969971,2277.98999,2277.98999,395000,2989.23999,-0.2379367338786338,-0.25777791698819075,-0.27794457794790695
2023-11-01,2292.889893,2312.149902,2288.639893,2301.560059,2301.560059,358200,2989.23999,-0.23005176342499023,-0.25777791698819075,-0.27782713831960415
2023-11-02,2334.959961,2351.909912,2333.409912,2343.120117,2343.120117,377500,2989.23999,-0.21614854450010224,-0.25777791698819075,-0.2777096986913014
2023-11-03,2365.590088,2370.280029,2351.830078,2368.340088,2368.340088,578700,2989.23999,-0.20771162706143242,-0.25777791698819075,-0.27759225906299867
2023-11-06,2399.800049,2502.370117,2395.030029,2502.370117,2502.370117,528600,2989.23999,-0.16287413343483337,-0.25777791698819075,-0.27747481943469593
2023-11-07,2476.350098,2476.350098,2418.73999,2443.959961,2443.959961,457700,2989.23999,-0.18241426945449102,-0.25777791698819075,-0.2773573798063932
2023-11-08,2460.219971,2468.429932,2418.139893,2421.620117,2421.620117,467200,2989.23999,-0.18988768881015805,-0.25777791698819075,-0.2772399401780904
2023-11-09,2425.929932,2437.899902,2413.040039,2427.080078,2427.080078,395000,2989.23999,-0.18806115062042916,-0.25777791698819075,-0.27712250054978765
2023-11-10,2406.399902,2413.620117,2393.639893,2409.659912,2409.659912,312500,2989.23999,-0.1938887743837523,-0.25777791698819075,-0.2770050609214849
2023-11-13,2431.23999,2435.320068,2399.040039,2403.76001,2403.76001,307100,2989.23999,-0.19586248744116397,-0.25777791698819075,-0.2768876212931822
2023-11-14,2424.929932,2442.370117,2422.969971,2433.25,2433.25,307000,2989.23999,-0.18599710691010796,-0.25777791698819075,-0.2767701816648794
2023-11-15,2482.209961,2487.419922,2468.429932,2486.669922,2486.669922,419800,2989.23999,-0.16812636980679496,-0.25777791698819075,-0.27665274203657664
2023-11-16,2483.47998,2491.97998,2472.689941,2488.179932,2488.179932,407400,2989.23999,-0.16762122133927426,-0.25777791698819075,-0.27653530240827384
2023-11-17,2477.429932,2481.100098,2463.590088,2469.850098,2469.850098,388200,2989.23999,-0.17375315924366452,-0.25777791698819075,-0.2764178627799711
2023-11-20,2464.719971,2499.75,2464.040039,2491.199951,2491.199951,323800,2989.23999,-0.16661092473876615,-0.25777791698819075,-0.27630042315166836
2023-11-21,2504.699951,2517.73999,2500.909912,2510.419922,2510.419922,345100,2989.23999,-0.16018120646111123,-0.25777791698819075,-0.2761829835233656
2023-11-22,2493.169922,2516.719971,2490.429932,2511.699951,2511.699951,439500,2989.23999,-0.15975299427196543,-0.25777791698819075,-0.2760655438950629
2023-11-23,2515.830078,2522.199951,2507.300049,2514.959961,2514.959961,360900,2989.23999,-0.15866241271581538,-0.25777791698819075,-0.2759481042667601
2023-11-24,2517.879883,2521.560059,2496.629883,2496.629883,2496.629883,359400,2989.23999,-0.16479443224630486,-0.25777791698819075,-0.2758306646384574
2023-11-27,2501.830078,2511.370117,2489.179932,2495.659912,2495.659912,364700,2989.23999,-0.16511891974253967,-0.25777791698819075,-0.2757132250101546
2023-11-28,2506.139893,2522.449951,2502.26001,2521.76001,2521.76001,442400,2989.23999,-0.15638757060787212,-0.25777791698819075,-0.27559578538185187
2023-11-29,2518.800049,2523.97998,2501.439941,2519.810059,2519.810059,579300,2989.23999,-0.1570398939430755,-0.25777791698819075,-0.27547834575354907
2023-11-30,2512.110107,2535.290039,2507.800049,2535.290039,2535.290039,664300,2989.23999,-0.1518613267983211,-0.25777791698819075,-0.2753609061252463
2023-12-01,2520.48999,2520.48999,2504.060059,2505.01001,2505.01001,516600,2989.23999,-0.16199100159903856,-0.25777791698819075,-0.2752434664969436
2023-12-04,2522.219971,2525.629883,2510.52002,2514.949951,2514.949951,498900,2989.23999,-0.15866576139308242,-0.25777791698819075,-0.2751260268686408
2023-12-05,2507.449951,2509.73999,2492.550049,2494.280029,2494.280029,427100,2989.23999,-0.16558053640918946,-0.25777791698819075,-0.27500858724033805
2023-12-06,2503.570068,2509.669922,2495.379883,2495.379883,2495.379883,391000,2989.23999,-0.16521259873818295,-0.25777791698819075,-0.2748911476120353
2023-12-07,2493.139893,2499.72998,2481.0,2492.070068,2492.070068,446900,2989.23999,-0.16631984172003533,-0.25777791698819075,-0.2747737079837326
2023-12-08,2510.23999,2521.580078,2507.139893,2517.850098,2517.850098,431800,2989.23999,-0.1576955659555458,-0.25777791698819075,-0.2746562683554298
2023-12-11,2524.790039,2528.889893,2512.449951,2525.360107,2525.360107,435000,2989.23999,-0.1551832186615435,-0.25777791698819075,-0.27453882872712704
2023-12-12,2535.110107,2543.060059,2529.73999,2535.27002,2535.27002,378000,2989.23999,-0.15186802381832187,-0.25777791698819075,-0.2744213890988243
2023-12-13,2531.22998,2531.22998,2509.889893,2510.659912,2510.659912,377900,2989.23999,-0.16010092184000257,-0.25777791698819075,-0.2743039494705215
2023-12-14,2547.73999,2549.649902,2532.159912,2544.179932,2544.179932,530100,2989.23999,-0.14888736250313583,-0.25777791698819075,-0.27418650984221876
2023-12-15,2558.439941,2574.22998,2555.300049,2563.560059,2563.560059,465300,2989.23999,-0.1424040667273423,-0.25777791698819075,-0.274069070213916
2023-12-18,2568.77002,2573.129883,2556.050049,2566.860107,2566.860107,383000,2989.23999,-0.1413000911311909,-0.25777791698819075,-0.2739516305856133
2023-12-19,2564.810059,2570.060059,2556.52002,2568.550049,2568.550049,392500,2989.23999,-0.14073474943709696,-0.25777791698819075,-0.2738341909573105
2023-12-20,2586.98999,2615.379883,2584.850098,2614.300049,2614.300049,570400,2989.23999,-0.12542985583435873,-0.25777791698819075,-0.27371675132900775
2023-12-21,2598.370117,2610.810059,2587.159912,2600.02002,2600.02002,578300,2989.23999,-0.1302069995390367,-0.25777791698819075,-0.27359931170070495
2023-12-22,2617.719971,2621.370117,2599.51001,2599.51001,2599.51001,466000,2989.23999,-0.13037761481305488,-0.25777791698819075,-0.2734818720724022
2023-12-26,2609.439941,2612.139893,2594.649902,2602.590088,2602.590088,439500,2989.23999,-0.12934722648347818,-0.25777791698819075,-0.27336443244409947
2023-12-27,2599.350098,2613.5,2590.080078,2613.5,2613.5,349700,2989.23999,-0.12569749878128722,-0.25777791698819075,-0.27324699281579673
2023-12-28,2616.27002,2655.280029,2611.719971,2655.280029,2655.280029,460100,2989.23999,-0.11172069225529124,-0.25777791698819075,-0.273129553187494
2024-01-02,2645.469971,2675.800049,2641.879883,2669.810059,2669.810059,409900,2989.23999,-0.10685991491770463,-0.25777791698819075,-0.27301211355919125
2024-01-03,2643.540039,2643.719971,2607.310059,2607.310059,2607.310059,463100,2989.23999,-0.1277682395116091,-0.25777791698819075,-0.2728946739308885
2024-01-04,2592.439941,2602.639893,2580.090088,2587.02002,2587.02002,770200,2989.23999,-0.13455593105456887,-0.25777791698819075,-0.2727772343025857
2024-01-05,2586.889893,2592.290039,2572.600098,2578.080078,2578.080078,520500,2989.23999,-0.13754663840155568,-0.25777791698819075,-0.2726597946742829
2024-01-08,2584.22998,2591.679932,2566.340088,2567.820068,2567.820068,320100,2989.23999,-0.14097895231222302,-0.25777791698819075,-0.2725423550459802
2024-01-09,2598.310059,2599.370117,2556.0,2561.23999,2561.23999,790300,2989.23999,-0.1431802068190584,-0.25777791698819075,-0.27242491541767744
2024-01-10,2563.969971,2568.189941,2539.820068,2541.97998,2541.97998,570000,2989.23999,-0.14962331947124796,-0.25777791698819075,-0.2723074757893747
2024-01-11,2543.030029,2557.300049,2540.27002,2540.27002,2540.27002,788400,2989.23999,-0.1501953578508095,-0.25777791698819075,-0.2721900361610719
2024-01-12,2536.550049,2543.830078,2517.76001,2525.050049,2525.050049,790200,2989.23999,-0.15528694335445448,-0.2452998128129552,-0.2720032737317956
2024-01-15,2525.689941,2536.060059,2515.840088,2525.98999,2525.98999,800000,2989.23999,-0.15497250189002054,-0.24239943611887782,-0.27180039809866335
2024-01-16,2516.27002,2524.350098,2491.129883,2497.590088,2497.590088,659600,2989.23999,-0.16447321180123786,-0.2379367338786338,-0.27157272967530754
2024-01-17,2501.22998,2503.909912,2435.340088,2435.899902,2435.899902,965600,2989.23999,-0.1851106267315793,-0.2379367338786338,-0.2713450612519517
2024-01-18,2439.959961,2453.969971,2429.120117,2440.040039,2440.040039,570000,2989.23999,-0.18372561347943162,-0.2379367338786338,-0.2711173928285958
2024-01-19,2468.429932,2479.0,2455.5,2472.73999,2472.73999,518800,2989.23999,-0.1727863944440272,-0.2379367338786338,-0.27088972440523995
2024-01-22,2489.570068,2490.689941,2464.350098,2464.350098,2464.350098,386600,2989.23999,-0.17559309180792815,-0.2379367338786338,-0.2706620559818841
2024-01-23,2478.320068,2482.840088,2464.23999,2478.610107,2478.610107,472300,2989.23999,-0.17082264545778414,-0.2379367338786338,-0.2704343875585283
2024-01-24,2476.219971,2476.219971,2454.340088,2469.689941,2469.689941,395500,2989.23999,-0.1738067370763362,-0.2379367338786338,-0.2702067191351724
2024-01-25,2467.72998,2474.01001,2452.360107,2470.340088,2470.340088,357200,2989.23999,-0.1735892413241802,-0.2379367338786338,-0.2699790507118166
2024-01-26,2458.050049,2502.610107,2453.449951,2478.560059,2478.560059,292700,2989.23999,-0.1708393881750525,-0.2379367338786338,-0.26975138228846074
2024-01-29,2490.929932,2516.919922,2483.810059,2500.649902,2500.649902,421800,2989.23999,-0.16344960245229423,-0.2379367338786338,-0.2695237138651049
2024-01-30,2523.679932,2528.540039,2498.810059,2498.810059,2498.810059,481800,2989.23999,-0.16406509100662747,-0.2379367338786338,-0.269296045441749
2024-01-31,2487.899902,2502.449951,2486.969971,2497.090088,2497.090088,437600,2989.23999,-0.16464047839798912,-0.2379367338786338,-0.26906837701839315
2024-02-01,2491.929932,2542.459961,2491.929932,2542.459961,2542.459961,751100,2989.23999,-0.14946274989449748,-0.2379367338786338,-0.26884070859503734
2024-02-02,2559.399902,2615.340088,2559.389893,2615.310059,2615.310059,588700,2989.23999,-0.1250919739635894,-0.2379367338786338,-0.26861304017168147
2024-02-05,2612.77002,2612.77002,2562.5,2591.310059,2591.310059,511700,2989.23999,-0.1331207706076487,-0.2379367338786338,-0.26838537174832566
2024-02-06,2584.199951,2599.179932,2563.870117,2576.199951,2576.199951,411600,2989.23999,-0.13817560329105594,-0.2379367338786338,-0.26815770332496974
2024-02-07,2592.590088,2625.23999,2588.090088,2609.580078,2609.580078,518200,2989.23999,-0.12700884280622782,-0.2379367338786338,-0.26793003490161393
2024-02-08,2620.26001,2629.51001,2610.209961,2620.320068,2620.320068,430000,2989.23999,-0.12341595965334318,-0.2379367338786338,-0.26770236647825807
2024-02-13,2644.169922,2656.870117,2640.959961,2649.639893,2649.639893,559400,2989.23999,-0.11360750496315952,-0.2379367338786338,-0.2674746980549022
2024-02-14,2609.600098,2627.310059,2601.98999,2620.419922,2620.419922,543500,2989.23999,-0.12338255517583918,-0.2379367338786338,-0.2672470296315464
2024-02-15,2643.810059,2643.860107,2613.800049,2613.800049,2613.800049,621400,2989.23999,-0.12559712243111,-0.2379367338786338,-0.26701936120819053
2024-02-16,2635.629883,2648.76001,2625.01001,2648.76001,2648.76001,593800,2989.23999,-0.11390185503305805,-0.2379367338786338,-0.26679169278483467
2024-02-19,2653.120117,2683.389893,2653.120117,2680.26001,2680.26001,422700,2989.23999,-0.1033640594377302,-0.2379367338786338,-0.2665640243614788
2024-02-20,2671.550049,2673.840088,2643.929932,2657.790039,2657.790039,612700,2989.23999,-0.11088101059426814,-0.2379367338786338,-0.266336355938123
2024-02-21,2656.919922,2670.949951,2644.040039,2653.310059,2653.310059,562100,2989.23999,-0.1123797126104954,-0.2379367338786338,-0.26610868751476713
2024-02-22,2671.689941,2671.689941,2653.98999,2664.27002,2664.27002,456400,2989.23999,-0.10871324185650288,-0.2379367338786338,-0.26588101909141126
2024-02-23,2681.030029,2694.800049,2665.209961,2667.699951,2667.699951,415400,2989.23999,-0.10756581608557969,-0.2379367338786338,-0.26565335066805545
2024-02-26,2657.350098,2659.600098,2629.780029,2647.080078,2647.080078,530500,2989.23999,-0.11446384804988508,-0.2379367338786338,-0.26542568224469953
2024-02-27,2654.76001,2654.76001,2619.379883,2625.050049,2625.050049,574300,2989.23999,-0.12183362400420716,-0.2379367338786338,-0.2651980138213437
2024-02-28,2629.110107,2657.320068,2623.149902,2652.290039,2652.290039,421600,2989.23999,-0.11272094315853176,-0.2379367338786338,-0.26497034539798786
2024-02-29,2643.47998,2647.560059,2628.620117,2642.360107,2642.360107,496100,2989.23999,-0.11604283502175416,-0.2379367338786338,-0.26474267697463205
2024-03-04,2664.52002,2682.800049,2662.320068,2674.27002,2674.27002,404000,2989.23999,-0.10536790992147815,-0.2379367338786338,-0.2645150085512762
2024-03-05,2660.800049,2684.830078,2649.350098,2649.399902,2649.399902,457200,2989.23999,-0.11368778991880135,-0.2379367338786338,-0.2642873401279203
2024-03-06,2638.840088,2649.780029,2630.159912,2641.48999,2641.48999,379000,2989.23999,-0.11633391804048498,-0.2379367338786338,-0.26405967170456446
2024-03-07,2653.97998,2660.26001,2633.570068,2647.620117,2647.620117,462900,2989.23999,-0.11428318707859919,-0.2379367338786338,-0.2638320032812086
2024-03-08,2676.790039,2688.0,2668.379883,2680.350098,2680.350098,454300,2989.23999,-0.10333392201139402,-0.2379367338786338,-0.2636043348578528
2024-03-11,2665.580078,2677.209961,2658.73999,2659.840088,2659.840088,389800,2989.23999,-0.11019520115546166,-0.2379367338786338,-0.2633766664344969
2024-03-12,2673.469971,2686.139893,2659.719971,2681.810059,2681.810059,404000,2989.23999,-0.10284551659567487,-0.2379367338786338,-0.2631489980111411
2024-03-13,2694.709961,2701.449951,2679.540039,2693.570068,2693.570068,497200,2989.23999,-0.09891140322928704,-0.2379367338786338,-0.26292132958778525
2024-03-14,2698.370117,2718.76001,2696.310059,2718.76001,2718.76001,609300,2989.23999,-0.09048453148788504,-0.2379367338786338,-0.2626936611644294
2024-03-15,2701.909912,2705.590088,2666.840088,2666.840088,2666.840088,582100,2989.23999,-0.10785346880094426,-0.2379367338786338,-0.2624659927410735
2024-03-18,2678.52002,2688.070068,2665.280029,2685.840088,2685.840088,408200,2989.23999,-0.10149733812439732,-0.2379367338786338,-0.26223832431771765
2024-03-19,2673.570068,2673.570068,2645.139893,2656.169922,2656.169922,695900,2989.23999,-0.11142299350812579,-0.2379367338786338,-0.26201065589436184
2024-03-20,2680.699951,2692.52002,2674.090088,2690.139893,2690.139893,720500,2989.23999,-0.10005891062630945,-0.2379367338786338,-0.261782987471006
2024-03-21,2731.179932,2755.449951,2724.25,2754.860107,2754.860107,823700,2989.23999,-0.07840785075272594,-0.2379367338786338,-0.2615553190476501
2024-03-22,2751.149902,2763.060059,2738.179932,2748.560059,2748.560059,509500,2989.23999,-0.08051542592938488,-0.2379367338786338,-0.26132765062429425
2024-03-25,2756.590088,2763.629883,2731.699951,2737.570068,2737.570068,489600,2989.23999,-0.08419194271517827,-0.2379367338786338,-0.26109998220093844
2024-03-26,2756.419922,2779.399902,2752.27002,2757.090088,2757.090088,448300,2989.23999,-0.07766184808734611,-0.2379367338786338,-0.2608723137775826
2024-03-27,2745.0,2762.030029,2745.0,2755.110107,2755.110107,510600,2989.23999,-0.07832421745435036,-0.2379367338786338,-0.26064464535422677
2024-03-28,2753.219971,2756.860107,2742.679932,2745.820068,2745.820068,419300,2989.23999,-0.08143204386878289,-0.2379367338786338,-0.2604169769308709
2024-03-29,2757.27002,2757.550049,2739.120117,2746.629883,2746.629883,495500,2989.23999,-0.08116113387068669,-0.2379367338786338,-0.26018930850751504
2024-04-01,2766.23999,2769.870117,2747.399902,2747.860107,2747.860107,397600,2989.23999,-0.08074958310724323,-0.2379367338786338,-0.2599616400841592
2024-04-02,2744.149902,2760.330078,2737.189941,2753.159912,2753.159912,630400,2989.23999,-0.07897662241565284,-0.2379367338786338,-0.2597339716608033
2024-04-03,2730.679932,2732.290039,2706.969971,2706.969971,2706.969971,640800,2989.23999,-0.09442869088607375,-0.2379367338786338,-0.2595063032374475
2024-04-04,2738.23999,2746.389893,2727.100098,2742.0,2742.0,478000,2989.23999,-0.08270998341621949,-0.2379367338786338,-0.25927863481409164
2024-04-05,2713.959961,2730.469971,2705.310059,2714.209961,2714.209961,621000,2989.23999,-0.0920066739104477,-0.2379367338786338,-0.25905096639073577
2024-04-08,2718.76001,2725.580078,2706.73999,2717.649902,2717.649902,620700,2989.23999,-0.09085589946225758,-0.2379367338786338,-0.2588232979673799
2024-04-09,2733.22998,2741.22998,2703.959961,2705.159912,2705.159912,470200,2989.23999,-0.09503421570377157,-0.2379367338786338,-0.25859562954402404
2024-04-11,2665.399902,2718.070068,2661.919922,2706.959961,2706.959961,561300,2989.23999,-0.09443203956334068,-0.2379367338786338,-0.25836796112066823
2024-04-12,2710.889893,2712.449951,2678.209961,2681.820068,2681.820068,513700,2989.23999,-0.10284216825294112,-0.2379367338786338,-0.25814029269731237
2024-04-15,2661.360107,2673.26001,2641.159912,2670.429932,2670.429932,562000,2989.23999,-0.1066525468234486,-0.2379367338786338,-0.25791262427395656
2024-04-16,2644.169922,2647.600098,2601.449951,2609.629883,2609.629883,570200,2989.23999,-0.12699218138052537,-0.2379367338786338,-0.2576849558506007
2024-04-17,2619.149902,2626.629883,2584.179932,2584.179932,2584.179932,414300,2989.23999,-0.1355060347630369,-0.2379367338786338,-0.25745728742724483
2024-04-18,2595.459961,2642.030029,2593.26001,2634.699951,2634.699951,478800,2989.23999,-0.11860541147116122,-0.2379367338786338,-0.25722961900388897
2024-04-19,2600.689941,2609.899902,2553.550049,2591.860107,2591.860107,809500,2989.23999,-0.13293676129362908,-0.2379367338786338,-0.25700195058053316
2024-04-22,2615.719971,2629.439941,2604.370117,2629.439941,2629.439941,401900,2989.23999,-0.12036505941431619,-0.2379367338786338,-0.2567742821571773
2024-04-23,2632.149902,2641.780029,2619.719971,2623.02002,2623.02002,430300,2989.23999,-0.12251273608847979,-0.2379367338786338,-0.2565466137338214
2024-04-24,2662.840088,2677.850098,2662.840088,2675.75,2675.75,325100,2989.23999,-0.10487280748575833,-0.2379367338786338,-0.2563189453104656
2024-04-25,2646.800049,2656.51001,2628.620117,2628.620117,2628.620117,334100,2989.23999,-0.12063931775514625,-0.2379367338786338,-0.2560912768871097
2024-04-26,2650.939941,2662.100098,2641.350098,2656.330078,2656.330078,450500,2989.23999,-0.11136941600998718,-0.2379367338786338,-0.2558636084637539
2024-04-29,2675.459961,2687.439941,2665.209961,2687.439941,2687.439941,470500,2989.23999,-0.10096213419117273,-0.2379367338786338,-0.255635940040398
2024-04-30,2693.219971,2710.22998,2687.290039,2692.060059,2692.060059,460100,2989.23999,-0.09941655136227456,-0.2379367338786338,-0.2554082716170422
2024-05-02,2679.040039,2692.469971,2678.840088,2683.649902,2683.649902,351100,2989.23999,-0.10223002804134163,-0.2379367338786338,-0.25518060319368635
2024-05-03,2704.310059,2705.26001,2676.629883,2676.629883,2676.629883,338600,2989.23999,-0.1045784574158597,-0.2379367338786338,-0.2549529347703305
2024-05-07,2718.169922,2734.360107,2716.620117,2734.360107,2734.360107,532200,2989.23999,-0.08526578121952666,-0.2379367338786338,-0.2547252663469746
2024-05-08,2732.110107,2745.050049,2727.929932,2745.050049,2745.050049,436300,2989.23999,-0.0816896407839105,-0.2379367338786338,-0.25449759792361876
2024-05-09,2743.290039,2749.139893,2710.25,2712.139893,2712.139893,423800,2989.23999,-0.09269918036925495,-0.2379367338786338,-0.25426992950026295
2024-05-10,2737.949951,2743.580078,2723.209961,2727.629883,2727.629883,586100,2989.23999,-0.08751726454723363,-0.2379367338786338,-0.2540422610769071
2024-05-13,2735.199951,2738.379883,2713.919922,2727.209961,2727.209961,625300,2989.23999,-0.08765774239491553,-0.2379367338786338,-0.2538145926535513
2024-05-14,2732.97998,2735.820068,2722.73999,2730.340088,2730.340088,443300,2989.23999,-0.08661061101353729,-0.2379367338786338,-0.2535869242301954
2024-05-16,2770.27002,2773.459961,2748.219971,2753.0,2753.0,521800,2989.23999,-0.07903011828769224,-0.2379367338786338,-0.25335925580683955
2024-05-17,2751.469971,2752.169922,2724.620117,2724.620117,2724.620117,575900,2989.23999,-0.08852413117890878,-0.2379367338786338,-0.2531315873834837
2024-05-20,2741.23999,2756.409912,2734.639893,2742.139893,2742.139893,582100,2989.23999,-0.08266318456418076,-0.2379367338786338,-0.2529039189601278
2024-05-21,2733.030029,2734.47998,2719.73999,2724.179932,2724.179932,560800,2989.23999,-0.08867138767269067,-0.2379367338786338,-0.252676250536772
2024-05-22,2723.459961,2733.070068,2707.870117,2723.459961,2723.459961,484700,2989.23999,-0.0889122418705498,-0.2379367338786338,-0.25244858211341614
2024-05-23,2719.030029,2734.27002,2704.0,2721.810059,2721.810059,427400,2989.23999,-0.08946418885557605,-0.2379367338786338,-0.2522209136900603
2024-05-24,2693.649902,2696.98999,2681.169922,2687.600098,2687.600098,501600,2989.23999,-0.10090855635850104,-0.2379367338786338,-0.2519932452667044
2024-05-27,2697.159912,2725.080078,2693.659912,2722.98999,2722.98999,556700,2989.23999,-0.08906946277003336,-0.2379367338786338,-0.2517655768433486
2024-05-28,2715.52002,2730.120117,2714.340088,2722.850098,2722.850098,441000,2989.23999,-0.08911626128753891,-0.2379367338786338,-0.25153790841999274
2024-05-29,2719.560059,2721.629883,2677.070068,2677.300049,2677.300049,439000,2989.23999,-0.10435426464370301,-0.2379367338786338,-0.2513102399966369
2024-05-30,2666.629883,2666.629883,2635.439941,2635.439941,2635.439941,371900,2989.23999,-0.1183578602533013,-0.2379367338786338,-0.25108257157328107
2024-05-31,2657.870117,2664.47998,2635.77002,2636.52002,2636.52002,613700,2989.23999,-0.11799653797619647,-0.2379367338786338,-0.2508549031499252
2024-06-03,2657.810059,2690.72998,2657.810059,2682.52002,2682.52002,782300,2989.23999,-0.10260801107508266,-0.2379367338786338,-0.25062723472656934
2024-06-04,2668.72998,2679.469971,2659.429932,2662.100098,2662.100098,773500,2989.23999,-0.10943915279281413,-0.2379367338786338,-0.25039956630321347
2024-06-05,2681.110107,2697.429932,2667.629883,2689.5,2689.5,881500,2989.23999,-0.10027297607509933,-0.2379367338786338,-0.25017189787985766
2024-06-07,2718.25,2729.629883,2705.22998,2722.669922,2722.669922,783900,2989.23999,-0.08917653614021137,-0.2379367338786338,-0.2499442294565018
2024-06-10,2698.709961,2718.889893,2689.189941,2701.169922,2701.169922,506900,2989.23999,-0.0963689998005145,-0.2379367338786338,-0.24971656103314596
2024-06-11,2716.719971,2718.879883,2702.169922,2705.320068,2705.320068,558900,2989.23999,-0.09498063820563296,-0.2379367338786338,-0.2494888926097901
2024-06-12,2709.649902,2730.300049,2707.439941,2728.169922,2728.169922,511000,2989.23999,-0.08733660357594775,-0.2379367338786338,-0.24926122418643423
2024-06-13,2764.179932,2776.719971,2752.610107,2754.889893,2754.889893,700000,2989.23999,-0.07839788634702427,-0.2379367338786338,-0.2490335557630784
2024-06-14,2759.219971,2769.159912,2750.860107,2758.419922,2758.419922,645000,2989.23999,-0.07721697447249798,-0.2379367338786338,-0.24880588733972253
2024-06-17,2754.830078,2759.860107,2741.030029,2744.100098,2744.100098,594000,2989.23999,-0.08200743092561136,-0.2379367338786338,-0.2485782189163667
2024-06-18,2765.699951,2772.350098,2759.030029,2763.919922,2763.919922,561500,2989.23999,-0.07537704190823435,-0.2379367338786338,-0.24835055049301083
2024-06-19,2786.159912,2799.320068,2786.159912,2797.330078,2797.330078,645700,2989.23999,-0.06420023572613853,-0.2379367338786338,-0.24812288206965502
2024-06-20,2802.100098,2812.620117,2796.370117,2807.629883,2807.629883,758200,2989.23999,-0.06075460906703578,-0.2379367338786338,-0.24789521364629913
2024-06-21,2794.870117,2797.0,2777.330078,2784.26001,2784.26001,631100,2989.23999,-0.06857260731347303,-0.2379367338786338,-0.24766754522294326
2024-06-24,2772.850098,2782.899902,2758.090088,2764.72998,2764.72998,592800,2989.23999,-0.07510605061857212,-0.2379367338786338,-0.24743987679958745
2024-06-25,2765.76001,2780.419922,2765.76001,2774.389893,2774.389893,714200,2989.23999,-0.07187448907372607,-0.2379367338786338,-0.2472122083762316
2024-06-26,2767.429932,2792.070068,2762.97998,2792.050049,2792.050049,534300,2989.23999,-0.06596658068929429,-0.2379367338786338,-0.24698453995287575
2024-06-27,2767.620117,2784.330078,2761.550049,2784.060059,2784.060059,396700,2989.23999,-0.06863949756004706,-0.2379367338786338,-0.2467568715295199
2024-06-28,2792.790039,2797.820068,2782.399902,2797.820068,2797.820068,610600,2989.23999,-0.06403631780665431,-0.2379367338786338,-0.24652920310616405
2024-07-01,2792.959961,2805.949951,2783.97998,2804.310059,2804.310059,458800,2989.23999,-0.06186520039162202,-0.2379367338786338,-0.2463015346828082
2024-07-02,2798.649902,2805.419922,2776.620117,2780.860107,2780.860107,538400,2989.23999,-0.0697099877216617,-0.2379367338786338,-0.24607386625945235
2024-07-03,2797.139893,2799.699951,2774.709961,2794.01001,2794.01001,339800,2989.23999,-0.06531090867682388,-0.2379367338786338,-0.2458461978360965
2024-07-04,2817.060059,2824.939941,2808.879883,2824.939941,2824.939941,393200,2989.23999,-0.05496382008458278,-0.2379367338786338,-0.245632245509706
2024-07-05,2836.209961,2871.959961,2836.209961,2862.22998,2862.22998,377600,2989.23999,-0.04248906425208099,-0.2379367338786338,-0.2454182931833155
2024-07-08,2862.580078,2868.98999,2855.530029,2857.76001,2857.76001,424600,2989.23999,-0.043984417591041325,-0.2379367338786338,-0.245204340856925
2024-07-09,2872.629883,2875.370117,2854.129883,2867.379883,2867.379883,455800,2989.23999,-0.04076625075526308,-0.2379367338786338,-0.2449903885305345
2024-07-10,2863.050049,2871.560059,2858.870117,2867.98999,2867.98999,471800,2989.23999,-0.040562149712174866,-0.2379367338786338,-0.24477643620414402
2024-07-11,2888.76001,2896.429932,2879.280029,2891.350098,2891.350098,461700,2989.23999,-0.03274741818237226,-0.2379367338786338,-0.24456248387775353
2024-07-12,2867.75,2872.25,2844.879883,2857.0,2857.0,407400,2989.23999,-0.04423866616343508,-0.2379367338786338,-0.24434853155136302
2024-07-15,2869.149902,2872.899902,2848.929932,2860.919922,2860.919922,424500,2989.23999,-0.042927322138494484,-0.2379367338786338,-0.24422691026
2024-07-16,2861.709961,2872.209961,2857.070068,2866.090088,2866.090088,677300,2989.23999,-0.04119772999557658,-0.2379367338786338,-0.24410634845012893
2024-07-17,2865.899902,2868.580078,2841.330078,2843.290039,2843.290039,548100,2989.23999,-0.04882510319955946,-0.2379367338786338,-0.2439857866402579
2024-07-18,2805.639893,2824.350098,2799.02002,2824.350098,2824.350098,657700,2989.23999,-0.055161142147037934,-0.2379367338786338,-0.24386522483038683
2024-07-19,2800.209961,2802.679932,2776.98999,2795.459961,2795.459961,425600,2989.23999,-0.06482585193837176,-0.2379367338786338,-0.24374466302051578
2024-07-22,2790.98999,2795.120117,2752.629883,2763.51001,2763.51001,463400,2989.23999,-0.07551417107864933,-0.2379367338786338,-0.2436241012106447
2024-07-23,2788.830078,2796.919922,2765.810059,2774.290039,2774.290039,422700,2989.23999,-0.07190789355123006,-0.2379367338786338,-0.24351387241559164
2024-07-24,2755.5,2778.310059,2748.649902,2758.709961,2758.709961,468500,2989.23999,-0.07711994679958767,-0.2379367338786338,-0.24340364362053854
2024-07-25,2721.290039,2725.149902,2703.860107,2710.649902,2710.649902,439600,2989.23999,-0.09319763181677487,-0.2379367338786338,-0.24329341482548547
2024-07-26,2724.98999,2738.399902,2715.75,2731.899902,2731.899902,513000,2989.23999,-0.08608880145484732,-0.2379367338786338,-0.24318318603043237
